Id,Id2,Geography,Total; Estimate; Population for whom poverty status is determined,Total; Margin of Error; Population for whom poverty status is determined,Below poverty level; Estimate; Population for whom poverty status is determined,Below poverty level; Margin of Error; Population for whom poverty status is determined,Percent below poverty level; Estimate; Population for whom poverty status is determined,Percent below poverty level; Margin of Error; Population for whom poverty status is determined,Total; Estimate; AGE - Under 18 years,Total; Margin of Error; AGE - Under 18 years,Below poverty level; Estimate; AGE - Under 18 years,Below poverty level; Margin of Error; AGE - Under 18 years,Percent below poverty level; Estimate; AGE - Under 18 years,Percent below poverty level; Margin of Error; AGE - Under 18 years,Total; Estimate; AGE - Under 18 years - Related children under 18 years,Total; Margin of Error; AGE - Under 18 years - Related children under 18 years,Below poverty level; Estimate; AGE - Under 18 years - Related children under 18 years,Below poverty level; Margin of Error; AGE - Under 18 years - Related children under 18 years,Percent below poverty level; Estimate; AGE - Under 18 years - Related children under 18 years,Percent below poverty level; Margin of Error; AGE - Under 18 years - Related children under 18 years,Total; Estimate; AGE - 18 to 64 years,Total; Margin of Error; AGE - 18 to 64 years,Below poverty level; Estimate; AGE - 18 to 64 years,Below poverty level; Margin of Error; AGE - 18 to 64 years,Percent below poverty level; Estimate; AGE - 18 to 64 years,Percent below poverty level; Margin of Error; AGE - 18 to 64 years,Total; Estimate; AGE - 65 years and over,Total; Margin of Error; AGE - 65 years and over,Below poverty level; Estimate; AGE - 65 years and over,Below poverty level; Margin of Error; AGE - 65 years and over,Percent below poverty level; Estimate; AGE - 65 years and over,Percent below poverty level; Margin of Error; AGE - 65 years and over,Total; Estimate; SEX - Male,Total; Margin of Error; SEX - Male,Below poverty level; Estimate; SEX - Male,Below poverty level; Margin of Error; SEX - Male,Percent below poverty level; Estimate; SEX - Male,Percent below poverty level; Margin of Error; SEX - Male,Total; Estimate; SEX - Female,Total; Margin of Error; SEX - Female,Below poverty level; Estimate; SEX - Female,Below poverty level; Margin of Error; SEX - Female,Percent below poverty level; Estimate; SEX - Female,Percent below poverty level; Margin of Error; SEX - Female,Total; Estimate; RACE AND HISPANIC OR LATINO ORIGIN - One race,Total; Margin of Error; RACE AND HISPANIC OR LATINO ORIGIN - One race,Below poverty level; Estimate; RACE AND HISPANIC OR LATINO ORIGIN - One race,Below poverty level; Margin of Error; RACE AND HISPANIC OR LATINO ORIGIN - One race,Percent below poverty level; Estimate; RACE AND HISPANIC OR LATINO ORIGIN - One race,Percent below poverty level; Margin of Error; RACE AND HISPANIC OR LATINO ORIGIN - One race,Total; Estimate; RACE AND HISPANIC OR LATINO ORIGIN - One race - White,Total; Margin of Error; RACE AND HISPANIC OR LATINO ORIGIN - One race - White,Below poverty level; Estimate; RACE AND HISPANIC OR LATINO ORIGIN - One race - White,Below poverty level; Margin of Error; RACE AND HISPANIC OR LATINO ORIGIN - One race - White,Percent below poverty level; Estimate; RACE AND HISPANIC OR LATINO ORIGIN - One race - White,Percent below poverty level; Margin of Error; RACE AND HISPANIC OR LATINO ORIGIN - One race - White,Total; Estimate; RACE AND HISPANIC OR LATINO ORIGIN - One race - Black or African American,Total; Margin of Error; RACE AND HISPANIC OR LATINO ORIGIN - One race - Black or African American,Below poverty level; Estimate; RACE AND HISPANIC OR LATINO ORIGIN - One race - Black or African American,Below poverty level; Margin of Error; RACE AND HISPANIC OR LATINO ORIGIN - One race - Black or African American,Percent below poverty level; Estimate; RACE AND HISPANIC OR LATINO ORIGIN - One race - Black or African American,Percent below poverty level; Margin of Error; RACE AND HISPANIC OR LATINO ORIGIN - One race - Black or African American,Total; Estimate; RACE AND HISPANIC OR LATINO ORIGIN - One race - American Indian and Alaska Native,Total; Margin of Error; RACE AND HISPANIC OR LATINO ORIGIN - One race - American Indian and Alaska Native,Below poverty level; Estimate; RACE AND HISPANIC OR LATINO ORIGIN - One race - American Indian and Alaska Native,Below poverty level; Margin of Error; RACE AND HISPANIC OR LATINO ORIGIN - One race - American Indian and Alaska Native,Percent below poverty level; Estimate; RACE AND HISPANIC OR LATINO ORIGIN - One race - American Indian and Alaska Native,Percent below poverty level; Margin of Error; RACE AND HISPANIC OR LATINO ORIGIN - One race - American Indian and Alaska Native,Total; Estimate; RACE AND HISPANIC OR LATINO ORIGIN - One race - Asian,Total; Margin of Error; RACE AND HISPANIC OR LATINO ORIGIN - One race - Asian,Below poverty level; Estimate; RACE AND HISPANIC OR LATINO ORIGIN - One race - Asian,Below poverty level; Margin of Error; RACE AND HISPANIC OR LATINO ORIGIN - One race - Asian,Percent below poverty level; Estimate; RACE AND HISPANIC OR LATINO ORIGIN - One race - Asian,Percent below poverty level; Margin of Error; RACE AND HISPANIC OR LATINO ORIGIN - One race - Asian,Total; Estimate; RACE AND HISPANIC OR LATINO ORIGIN - One race - Native Hawaiian and Other Pacific Islander,Total; Margin of Error; RACE AND HISPANIC OR LATINO ORIGIN - One race - Native Hawaiian and Other Pacific Islander,Below poverty level; Estimate; RACE AND HISPANIC OR LATINO ORIGIN - One race - Native Hawaiian and Other Pacific Islander,Below poverty level; Margin of Error; RACE AND HISPANIC OR LATINO ORIGIN - One race - Native Hawaiian and Other Pacific Islander,Percent below poverty level; Estimate; RACE AND HISPANIC OR LATINO ORIGIN - One race - Native Hawaiian and Other Pacific Islander,Percent below poverty level; Margin of Error; RACE AND HISPANIC OR LATINO ORIGIN - One race - Native Hawaiian and Other Pacific Islander,Total; Estimate; RACE AND HISPANIC OR LATINO ORIGIN - One race - Some other race,Total; Margin of Error; RACE AND HISPANIC OR LATINO ORIGIN - One race - Some other race,Below poverty level; Estimate; RACE AND HISPANIC OR LATINO ORIGIN - One race - Some other race,Below poverty level; Margin of Error; RACE AND HISPANIC OR LATINO ORIGIN - One race - Some other race,Percent below poverty level; Estimate; RACE AND HISPANIC OR LATINO ORIGIN - One race - Some other race,Percent below poverty level; Margin of Error; RACE AND HISPANIC OR LATINO ORIGIN - One race - Some other race,Total; Estimate; RACE AND HISPANIC OR LATINO ORIGIN - Two or more races,Total; Margin of Error; RACE AND HISPANIC OR LATINO ORIGIN - Two or more races,Below poverty level; Estimate; RACE AND HISPANIC OR LATINO ORIGIN - Two or more races,Below poverty level; Margin of Error; RACE AND HISPANIC OR LATINO ORIGIN - Two or more races,Percent below poverty level; Estimate; RACE AND HISPANIC OR LATINO ORIGIN - Two or more races,Percent below poverty level; Margin of Error; RACE AND HISPANIC OR LATINO ORIGIN - Two or more races,Total; Estimate; Hispanic or Latino origin (of any race),Total; Margin of Error; Hispanic or Latino origin (of any race),Below poverty level; Estimate; Hispanic or Latino origin (of any race),Below poverty level; Margin of Error; Hispanic or Latino origin (of any race),Percent below poverty level; Estimate; Hispanic or Latino origin (of any race),Percent below poverty level; Margin of Error; Hispanic or Latino origin (of any race),"Total; Estimate; White alone, not Hispanic or Latino","Total; Margin of Error; White alone, not Hispanic or Latino","Below poverty level; Estimate; White alone, not Hispanic or Latino","Below poverty level; Margin of Error; White alone, not Hispanic or Latino","Percent below poverty level; Estimate; White alone, not Hispanic or Latino","Percent below poverty level; Margin of Error; White alone, not Hispanic or Latino",Total; Estimate; EDUCATIONAL ATTAINMENT - Population 25 years and over,Total; Margin of Error; EDUCATIONAL ATTAINMENT - Population 25 years and over,Below poverty level; Estimate; EDUCATIONAL ATTAINMENT - Population 25 years and over,Below poverty level; Margin of Error; EDUCATIONAL ATTAINMENT - Population 25 years and over,Percent below poverty level; Estimate; EDUCATIONAL ATTAINMENT - Population 25 years and over,Percent below poverty level; Margin of Error; EDUCATIONAL ATTAINMENT - Population 25 years and over,Total; Estimate; EDUCATIONAL ATTAINMENT - Population 25 years and over - Less than high school graduate,Total; Margin of Error; EDUCATIONAL ATTAINMENT - Population 25 years and over - Less than high school graduate,Below poverty level; Estimate; EDUCATIONAL ATTAINMENT - Population 25 years and over - Less than high school graduate,Below poverty level; Margin of Error; EDUCATIONAL ATTAINMENT - Population 25 years and over - Less than high school graduate,Percent below poverty level; Estimate; EDUCATIONAL ATTAINMENT - Population 25 years and over - Less than high school graduate,Percent below poverty level; Margin of Error; EDUCATIONAL ATTAINMENT - Population 25 years and over - Less than high school graduate,Total; Estimate; EDUCATIONAL ATTAINMENT - Population 25 years and over - High school graduate (includes equivalency),Total; Margin of Error; EDUCATIONAL ATTAINMENT - Population 25 years and over - High school graduate (includes equivalency),Below poverty level; Estimate; EDUCATIONAL ATTAINMENT - Population 25 years and over - High school graduate (includes equivalency),Below poverty level; Margin of Error; EDUCATIONAL ATTAINMENT - Population 25 years and over - High school graduate (includes equivalency),Percent below poverty level; Estimate; EDUCATIONAL ATTAINMENT - Population 25 years and over - High school graduate (includes equivalency),Percent below poverty level; Margin of Error; EDUCATIONAL ATTAINMENT - Population 25 years and over - High school graduate (includes equivalency),"Total; Estimate; EDUCATIONAL ATTAINMENT - Population 25 years and over - Some college, associate's degree","Total; Margin of Error; EDUCATIONAL ATTAINMENT - Population 25 years and over - Some college, associate's degree","Below poverty level; Estimate; EDUCATIONAL ATTAINMENT - Population 25 years and over - Some college, associate's degree","Below poverty level; Margin of Error; EDUCATIONAL ATTAINMENT - Population 25 years and over - Some college, associate's degree","Percent below poverty level; Estimate; EDUCATIONAL ATTAINMENT - Population 25 years and over - Some college, associate's degree","Percent below poverty level; Margin of Error; EDUCATIONAL ATTAINMENT - Population 25 years and over - Some college, associate's degree",Total; Estimate; EDUCATIONAL ATTAINMENT - Population 25 years and over - Bachelor's degree or higher,Total; Margin of Error; EDUCATIONAL ATTAINMENT - Population 25 years and over - Bachelor's degree or higher,Below poverty level; Estimate; EDUCATIONAL ATTAINMENT - Population 25 years and over - Bachelor's degree or higher,Below poverty level; Margin of Error; EDUCATIONAL ATTAINMENT - Population 25 years and over - Bachelor's degree or higher,Percent below poverty level; Estimate; EDUCATIONAL ATTAINMENT - Population 25 years and over - Bachelor's degree or higher,Percent below poverty level; Margin of Error; EDUCATIONAL ATTAINMENT - Population 25 years and over - Bachelor's degree or higher,Total; Estimate; EMPLOYMENT STATUS - Civilian labor force 16 years and over,Total; Margin of Error; EMPLOYMENT STATUS - Civilian labor force 16 years and over,Below poverty level; Estimate; EMPLOYMENT STATUS - Civilian labor force 16 years and over,Below poverty level; Margin of Error; EMPLOYMENT STATUS - Civilian labor force 16 years and over,Percent below poverty level; Estimate; EMPLOYMENT STATUS - Civilian labor force 16 years and over,Percent below poverty level; Margin of Error; EMPLOYMENT STATUS - Civilian labor force 16 years and over,Total; Estimate; EMPLOYMENT STATUS - Civilian labor force 16 years and over - Employed,Total; Margin of Error; EMPLOYMENT STATUS - Civilian labor force 16 years and over - Employed,Below poverty level; Estimate; EMPLOYMENT STATUS - Civilian labor force 16 years and over - Employed,Below poverty level; Margin of Error; EMPLOYMENT STATUS - Civilian labor force 16 years and over - Employed,Percent below poverty level; Estimate; EMPLOYMENT STATUS - Civilian labor force 16 years and over - Employed,Percent below poverty level; Margin of Error; EMPLOYMENT STATUS - Civilian labor force 16 years and over - Employed,Total; Estimate; EMPLOYMENT STATUS - Civilian labor force 16 years and over - Employed - Male,Total; Margin of Error; EMPLOYMENT STATUS - Civilian labor force 16 years and over - Employed - Male,Below poverty level; Estimate; EMPLOYMENT STATUS - Civilian labor force 16 years and over - Employed - Male,Below poverty level; Margin of Error; EMPLOYMENT STATUS - Civilian labor force 16 years and over - Employed - Male,Percent below poverty level; Estimate; EMPLOYMENT STATUS - Civilian labor force 16 years and over - Employed - Male,Percent below poverty level; Margin of Error; EMPLOYMENT STATUS - Civilian labor force 16 years and over - Employed - Male,Total; Estimate; EMPLOYMENT STATUS - Civilian labor force 16 years and over - Employed - Female,Total; Margin of Error; EMPLOYMENT STATUS - Civilian labor force 16 years and over - Employed - Female,Below poverty level; Estimate; EMPLOYMENT STATUS - Civilian labor force 16 years and over - Employed - Female,Below poverty level; Margin of Error; EMPLOYMENT STATUS - Civilian labor force 16 years and over - Employed - Female,Percent below poverty level; Estimate; EMPLOYMENT STATUS - Civilian labor force 16 years and over - Employed - Female,Percent below poverty level; Margin of Error; EMPLOYMENT STATUS - Civilian labor force 16 years and over - Employed - Female,Total; Estimate; EMPLOYMENT STATUS - Civilian labor force 16 years and over - Unemployed,Total; Margin of Error; EMPLOYMENT STATUS - Civilian labor force 16 years and over - Unemployed,Below poverty level; Estimate; EMPLOYMENT STATUS - Civilian labor force 16 years and over - Unemployed,Below poverty level; Margin of Error; EMPLOYMENT STATUS - Civilian labor force 16 years and over - Unemployed,Percent below poverty level; Estimate; EMPLOYMENT STATUS - Civilian labor force 16 years and over - Unemployed,Percent below poverty level; Margin of Error; EMPLOYMENT STATUS - Civilian labor force 16 years and over - Unemployed,Total; Estimate; EMPLOYMENT STATUS - Civilian labor force 16 years and over - Unemployed - Male,Total; Margin of Error; EMPLOYMENT STATUS - Civilian labor force 16 years and over - Unemployed - Male,Below poverty level; Estimate; EMPLOYMENT STATUS - Civilian labor force 16 years and over - Unemployed - Male,Below poverty level; Margin of Error; EMPLOYMENT STATUS - Civilian labor force 16 years and over - Unemployed - Male,Percent below poverty level; Estimate; EMPLOYMENT STATUS - Civilian labor force 16 years and over - Unemployed - Male,Percent below poverty level; Margin of Error; EMPLOYMENT STATUS - Civilian labor force 16 years and over - Unemployed - Male,Total; Estimate; EMPLOYMENT STATUS - Civilian labor force 16 years and over - Unemployed - Female,Total; Margin of Error; EMPLOYMENT STATUS - Civilian labor force 16 years and over - Unemployed - Female,Below poverty level; Estimate; EMPLOYMENT STATUS - Civilian labor force 16 years and over - Unemployed - Female,Below poverty level; Margin of Error; EMPLOYMENT STATUS - Civilian labor force 16 years and over - Unemployed - Female,Percent below poverty level; Estimate; EMPLOYMENT STATUS - Civilian labor force 16 years and over - Unemployed - Female,Percent below poverty level; Margin of Error; EMPLOYMENT STATUS - Civilian labor force 16 years and over - Unemployed - Female,Total; Estimate; WORK EXPERIENCE - Population 16 years and over,Total; Margin of Error; WORK EXPERIENCE - Population 16 years and over,Below poverty level; Estimate; WORK EXPERIENCE - Population 16 years and over,Below poverty level; Margin of Error; WORK EXPERIENCE - Population 16 years and over,Percent below poverty level; Estimate; WORK EXPERIENCE - Population 16 years and over,Percent below poverty level; Margin of Error; WORK EXPERIENCE - Population 16 years and over,"Total; Estimate; WORK EXPERIENCE - Population 16 years and over - Worked full-time, year-round in the past 12 months","Total; Margin of Error; WORK EXPERIENCE - Population 16 years and over - Worked full-time, year-round in the past 12 months","Below poverty level; Estimate; WORK EXPERIENCE - Population 16 years and over - Worked full-time, year-round in the past 12 months","Below poverty level; Margin of Error; WORK EXPERIENCE - Population 16 years and over - Worked full-time, year-round in the past 12 months","Percent below poverty level; Estimate; WORK EXPERIENCE - Population 16 years and over - Worked full-time, year-round in the past 12 months","Percent below poverty level; Margin of Error; WORK EXPERIENCE - Population 16 years and over - Worked full-time, year-round in the past 12 months",Total; Estimate; WORK EXPERIENCE - Population 16 years and over - Worked part-time or part-year in the past 12 months,Total; Margin of Error; WORK EXPERIENCE - Population 16 years and over - Worked part-time or part-year in the past 12 months,Below poverty level; Estimate; WORK EXPERIENCE - Population 16 years and over - Worked part-time or part-year in the past 12 months,Below poverty level; Margin of Error; WORK EXPERIENCE - Population 16 years and over - Worked part-time or part-year in the past 12 months,Percent below poverty level; Estimate; WORK EXPERIENCE - Population 16 years and over - Worked part-time or part-year in the past 12 months,Percent below poverty level; Margin of Error; WORK EXPERIENCE - Population 16 years and over - Worked part-time or part-year in the past 12 months,Total; Estimate; WORK EXPERIENCE - Population 16 years and over - Did not work,Total; Margin of Error; WORK EXPERIENCE - Population 16 years and over - Did not work,Below poverty level; Estimate; WORK EXPERIENCE - Population 16 years and over - Did not work,Below poverty level; Margin of Error; WORK EXPERIENCE - Population 16 years and over - Did not work,Percent below poverty level; Estimate; WORK EXPERIENCE - Population 16 years and over - Did not work,Percent below poverty level; Margin of Error; WORK EXPERIENCE - Population 16 years and over - Did not work,Total; Estimate; All Individuals below: - 50 percent of poverty level,Total; Margin of Error; All Individuals below: - 50 percent of poverty level,Below poverty level; Estimate; All Individuals below: - 50 percent of poverty level,Below poverty level; Margin of Error; All Individuals below: - 50 percent of poverty level,Percent below poverty level; Estimate; All Individuals below: - 50 percent of poverty level,Percent below poverty level; Margin of Error; All Individuals below: - 50 percent of poverty level,Total; Estimate; All Individuals below: - 125 percent of poverty level,Total; Margin of Error; All Individuals below: - 125 percent of poverty level,Below poverty level; Estimate; All Individuals below: - 125 percent of poverty level,Below poverty level; Margin of Error; All Individuals below: - 125 percent of poverty level,Percent below poverty level; Estimate; All Individuals below: - 125 percent of poverty level,Percent below poverty level; Margin of Error; All Individuals below: - 125 percent of poverty level,Total; Estimate; All Individuals below: - 150 percent of poverty level,Total; Margin of Error; All Individuals below: - 150 percent of poverty level,Below poverty level; Estimate; All Individuals below: - 150 percent of poverty level,Below poverty level; Margin of Error; All Individuals below: - 150 percent of poverty level,Percent below poverty level; Estimate; All Individuals below: - 150 percent of poverty level,Percent below poverty level; Margin of Error; All Individuals below: - 150 percent of poverty level,Total; Estimate; All Individuals below: - 185 percent of poverty level,Total; Margin of Error; All Individuals below: - 185 percent of poverty level,Below poverty level; Estimate; All Individuals below: - 185 percent of poverty level,Below poverty level; Margin of Error; All Individuals below: - 185 percent of poverty level,Percent below poverty level; Estimate; All Individuals below: - 185 percent of poverty level,Percent below poverty level; Margin of Error; All Individuals below: - 185 percent of poverty level,Total; Estimate; All Individuals below: - 200 percent of poverty level,Total; Margin of Error; All Individuals below: - 200 percent of poverty level,Below poverty level; Estimate; All Individuals below: - 200 percent of poverty level,Below poverty level; Margin of Error; All Individuals below: - 200 percent of poverty level,Percent below poverty level; Estimate; All Individuals below: - 200 percent of poverty level,Percent below poverty level; Margin of Error; All Individuals below: - 200 percent of poverty level,Total; Estimate; Unrelated individuals for whom poverty status is determined,Total; Margin of Error; Unrelated individuals for whom poverty status is determined,Below poverty level; Estimate; Unrelated individuals for whom poverty status is determined,Below poverty level; Margin of Error; Unrelated individuals for whom poverty status is determined,Percent below poverty level; Estimate; Unrelated individuals for whom poverty status is determined,Percent below poverty level; Margin of Error; Unrelated individuals for whom poverty status is determined,Total; Estimate; Unrelated individuals for whom poverty status is determined - Male,Total; Margin of Error; Unrelated individuals for whom poverty status is determined - Male,Below poverty level; Estimate; Unrelated individuals for whom poverty status is determined - Male,Below poverty level; Margin of Error; Unrelated individuals for whom poverty status is determined - Male,Percent below poverty level; Estimate; Unrelated individuals for whom poverty status is determined - Male,Percent below poverty level; Margin of Error; Unrelated individuals for whom poverty status is determined - Male,Total; Estimate; Unrelated individuals for whom poverty status is determined - Female,Total; Margin of Error; Unrelated individuals for whom poverty status is determined - Female,Below poverty level; Estimate; Unrelated individuals for whom poverty status is determined - Female,Below poverty level; Margin of Error; Unrelated individuals for whom poverty status is determined - Female,Percent below poverty level; Estimate; Unrelated individuals for whom poverty status is determined - Female,Percent below poverty level; Margin of Error; Unrelated individuals for whom poverty status is determined - Female,Total; Estimate; Mean income deficit for unrelated individuals (dollars),Total; Margin of Error; Mean income deficit for unrelated individuals (dollars),Below poverty level; Estimate; Mean income deficit for unrelated individuals (dollars),Below poverty level; Margin of Error; Mean income deficit for unrelated individuals (dollars),Percent below poverty level; Estimate; Mean income deficit for unrelated individuals (dollars),Percent below poverty level; Margin of Error; Mean income deficit for unrelated individuals (dollars)
0400000US01,1,Alabama,4699510,1078,889710,9821,18.9,0.2,1103587,1233,303301,4912,27.5,0.4,1099987,1441,299985,4821,27.3,0.4,2916810,789,512895,5965,17.6,0.2,679113,600,73514,1583,10.8,0.2,2266052,1618,386106,5099,17.0,0.2,2433458,1676,503604,6170,20.7,0.3,4625293,2751,869353,9836,18.8,0.2,3261152,3354,448600,7114,13.8,0.2,1223705,2719,386183,6682,31.6,0.5,24518,1078,5347,608,21.8,2.3,56929,1064,7721,1040,13.6,1.8,1344,251,164,75,12.2,5.6,57645,3270,21338,2448,37.0,3.4,74217,2654,20357,1577,27.4,1.8,187691,665,63543,3075,33.9,1.6,3142285,1634,409714,6620,13.0,0.2,3158499,1337,458785,5551,14.5,0.2,499808,5083,153884,3129,30.8,0.5,979597,7499,158027,3217,16.1,0.3,940528,6481,115066,2345,12.2,0.2,738566,5891,31808,1491,4.3,0.2,2227562,6523,259120,4003,11.6,0.2,2002209,6337,171669,3152,8.6,0.2,1050574,4526,73133,2290,7.0,0.2,951635,4354,98536,2369,10.4,0.2,225353,3736,87451,2686,38.8,0.9,115961,2434,39458,1698,34.0,1.2,109392,2531,47993,1785,43.9,1.3,3723366,1580,613563,6755,16.5,0.2,1450759,5861,54223,1565,3.7,0.1,804869,6278,180412,3471,22.4,0.4,1467738,6561,378928,6022,25.8,0.3,385730,7204,(X),(X),(X),(X),1159302,12423,(X),(X),(X),(X),1416714,12892,(X),(X),(X),(X),1753041,13525,(X),(X),(X),(X),1887965,13251,(X),(X),(X),(X),798771,6082,250197,3503,31.3,0.4,381650,4270,109141,2291,28.6,0.5,417121,3568,141056,2695,33.8,0.6,6226,66,(X),(X),(X),(X)
0400000US02,2,Alaska,711235,421,71866,2472,10.1,0.3,184647,437,25502,1472,13.8,0.8,183736,465,24681,1439,13.4,0.8,465535,321,43246,1419,9.3,0.3,61053,288,3118,330,5.1,0.5,367688,561,34190,1395,9.3,0.4,343547,637,37676,1461,11.0,0.4,654421,1807,64684,2221,9.9,0.3,474471,1128,31747,1413,6.7,0.3,23750,720,3487,706,14.7,2.9,99490,1406,22451,963,22.6,1.0,40553,1052,4754,1146,11.7,2.8,8135,373,1293,451,15.9,5.5,8022,981,952,327,11.9,3.9,56814,1769,7182,848,12.6,1.4,43501,249,4175,670,9.6,1.5,449447,453,29973,1403,6.7,0.3,453520,443,35007,1121,7.7,0.2,36542,1263,7007,585,19.2,1.4,123813,2110,14225,662,11.5,0.6,166419,2407,10371,617,6.2,0.4,126746,1976,3404,380,2.7,0.3,379063,2302,24046,889,6.3,0.2,347185,2371,15698,680,4.5,0.2,186457,1692,7641,483,4.1,0.3,160728,1437,8057,571,5.0,0.4,31878,1182,8348,584,26.2,1.5,19466,934,4633,432,23.8,1.9,12412,704,3715,317,29.9,2.4,546729,525,48776,1537,8.9,0.3,237892,2715,3252,347,1.4,0.1,176031,2432,21499,904,12.2,0.5,132806,1962,24025,1170,18.1,0.8,32151,1717,(X),(X),(X),(X),100381,2732,(X),(X),(X),(X),128879,2882,(X),(X),(X),(X),169177,3522,(X),(X),(X),(X),186291,3676,(X),(X),(X),(X),144981,2515,26334,974,18.2,0.6,83199,1656,12895,669,15.5,0.8,61782,1587,13439,791,21.8,1.2,6403,180,(X),(X),(X),(X)
0400000US04,4,Arizona,6411354,1575,1169309,16150,18.2,0.3,1593984,1568,412809,7946,25.9,0.5,1585197,1773,404734,7844,25.5,0.5,3854822,588,674008,9250,17.5,0.2,962548,469,82492,2020,8.6,0.2,3151878,1679,544139,8043,17.3,0.3,3259476,1724,625170,9122,19.2,0.3,6216526,6195,1130607,16546,18.2,0.3,5067939,10362,809405,15243,16.0,0.3,260222,2581,64225,3166,24.7,1.1,283283,2902,108993,3022,38.5,1.0,187403,2113,25707,1950,13.7,1.0,11768,667,3238,780,27.5,6.5,405911,8500,119039,5229,29.3,1.2,194828,6253,38702,2198,19.9,1.0,1924763,1691,541438,10792,28.1,0.6,3664687,1838,414732,8587,11.3,0.2,4208124,954,581541,7771,13.8,0.2,580924,5578,184975,3345,31.8,0.6,1025224,6419,170973,3755,16.7,0.3,1445773,8539,163912,3341,11.3,0.2,1156203,8693,61681,2047,5.3,0.2,3047312,6772,351955,5139,11.5,0.2,2746388,7687,243096,4096,8.9,0.2,1461388,5261,121106,2818,8.3,0.2,1285000,5264,121990,2621,9.5,0.2,300924,4433,108859,2744,36.2,0.8,167411,3196,57698,1972,34.5,1.0,133513,2684,51161,1905,38.3,1.2,4996609,1824,796641,9826,15.9,0.2,1911253,7817,75012,1995,3.9,0.1,1167006,6868,245976,4478,21.1,0.4,1918350,7526,475653,6472,24.8,0.3,548788,9884,(X),(X),(X),(X),1522716,15251,(X),(X),(X),(X),1870472,16318,(X),(X),(X),(X),2324253,16326,(X),(X),(X),(X),2510164,17360,(X),(X),(X),(X),1237366,8008,337927,5101,27.3,0.3,627129,6017,160825,3369,25.6,0.4,610237,5010,177102,3606,29.0,0.5,7145,62,(X),(X),(X),(X)
0400000US05,5,Arkansas,2862662,744,549303,8618,19.2,0.3,697357,784,192898,4087,27.7,0.6,693183,885,188976,4048,27.3,0.6,1739014,743,311586,5304,17.9,0.3,426291,590,44819,1375,10.5,0.3,1398905,1634,245314,4495,17.5,0.3,1463757,1352,303989,4963,20.8,0.3,2804823,1930,532658,8356,19.0,0.3,2247293,3067,355574,6954,15.8,0.3,436508,1787,147569,3451,33.8,0.8,17871,1066,4013,623,22.5,3.1,37726,863,4797,759,12.7,1.9,6200,482,2217,798,35.8,12.3,59225,2655,18488,1803,31.2,2.7,57839,1863,16645,1251,28.8,1.9,194190,475,61400,2917,31.6,1.5,2121869,1224,315702,6144,14.9,0.3,1908031,976,278153,4560,14.6,0.2,292308,3925,83017,2371,28.4,0.6,663880,5419,107825,2938,16.2,0.4,551224,4711,69681,1830,12.6,0.3,400619,4997,17630,1052,4.4,0.3,1358923,5054,162190,3140,11.9,0.2,1244985,4752,115965,2654,9.3,0.2,655710,2988,52249,1589,8.0,0.2,589275,3603,63716,1932,10.8,0.3,113938,2078,46225,1674,40.6,1.2,63197,1680,22346,1090,35.4,1.6,50741,1544,23879,1088,47.1,1.5,2242737,1190,374103,5935,16.7,0.3,899486,5433,37910,1684,4.2,0.2,489364,4804,114673,2704,23.4,0.5,853887,5038,221520,4547,25.9,0.4,227865,5321,(X),(X),(X),(X),723141,8461,(X),(X),(X),(X),899332,9676,(X),(X),(X),(X),1136602,9569,(X),(X),(X),(X),1227601,9269,(X),(X),(X),(X),504597,5930,163638,3222,32.4,0.5,244987,4058,71229,2110,29.1,0.7,259610,2972,92409,2125,35.6,0.8,6152,80,(X),(X),(X),(X)
0400000US06,6,California,37323127,3616,6115244,38636,16.4,0.1,9072050,3652,2059262,18658,22.7,0.2,9028302,4009,2018450,18540,22.4,0.2,23730035,1703,3592886,23117,15.1,0.1,4521042,1548,463096,4964,10.2,0.1,18433287,3827,2824898,21267,15.3,0.1,18889840,3435,3290346,20856,17.4,0.1,35666185,22153,5850468,39280,16.4,0.1,23230067,28135,3408637,26986,14.7,0.1,2159056,6580,534729,7481,24.8,0.3,278123,6743,67164,3316,24.1,1.1,5057603,7475,604261,7412,11.9,0.1,144198,2076,24334,1730,16.9,1.1,4797138,34787,1211343,17027,25.3,0.3,1656942,22536,264776,6971,16.0,0.4,14280054,3540,3300566,22892,23.1,0.2,14625703,4913,1492576,15195,10.2,0.1,24524945,2233,3160133,18744,12.9,0.1,4486532,18507,1169042,9936,26.1,0.2,5050327,24363,791469,8079,15.7,0.1,7308133,17265,796040,7285,10.9,0.1,7679953,30800,403582,4376,5.3,0.1,18911671,19282,1934805,14709,10.2,0.1,16839224,21687,1319214,10966,7.8,0.1,9098304,12590,678177,6934,7.5,0.1,7740920,14918,641037,6918,8.3,0.1,2072447,11675,615591,7005,29.7,0.3,1131658,8159,319502,4453,28.2,0.3,940789,7116,296089,4204,31.5,0.4,29317563,3493,4282918,25197,14.6,0.1,11281886,19868,375832,4384,3.3,0.1,7490325,22555,1332275,11335,17.8,0.1,10545352,21270,2574811,18692,24.4,0.2,2642882,21921,(X),(X),(X),(X),8076275,43067,(X),(X),(X),(X),10010056,49740,(X),(X),(X),(X),12576340,56375,(X),(X),(X),(X),13576255,57844,(X),(X),(X),(X),6651981,30324,1860213,14360,28.0,0.2,3360163,21366,859636,9730,25.6,0.2,3291818,13678,1000577,8272,30.4,0.2,6911,26,(X),(X),(X),(X)
0400000US08,8,Colorado,5079529,1311,663861,8937,13.1,0.2,1218579,1343,208902,4486,17.1,0.4,1212898,1549,203583,4436,16.8,0.4,3262236,763,409415,5509,12.6,0.2,598714,640,45544,1527,7.6,0.3,2532734,1608,309646,4891,12.2,0.2,2546795,1545,354215,5169,13.9,0.2,4905016,4424,635988,8749,13.0,0.2,4275479,7307,491570,8129,11.5,0.2,196129,1978,49308,2618,25.1,1.3,46955,1635,11454,1224,24.4,2.4,143577,1898,16127,1330,11.2,0.9,6271,509,1172,393,18.7,6.0,236605,6579,66357,4333,28.0,1.5,174513,4346,27873,1827,16.0,0.9,1061240,1485,249121,6040,23.5,0.6,3536690,1504,327192,5964,9.3,0.2,3398568,966,331625,4296,9.8,0.1,316650,4180,80663,2343,25.5,0.7,736715,5851,94320,2186,12.8,0.3,1055808,6354,98764,2297,9.4,0.2,1289395,7974,57878,1776,4.5,0.1,2766414,6113,244783,4478,8.8,0.2,2550625,6673,182200,3625,7.1,0.1,1364684,4706,87406,2358,6.4,0.2,1185941,4146,94794,2556,8.0,0.2,215789,3532,62583,1892,29.0,0.9,119894,2973,33521,1520,28.0,1.1,95895,2147,29062,1117,30.3,1.1,3991235,1332,473827,5860,11.9,0.1,1765130,6463,43798,1237,2.5,0.1,1104987,5341,206367,3796,18.7,0.3,1121118,5703,223662,3675,19.9,0.3,297645,6013,(X),(X),(X),(X),879950,11478,(X),(X),(X),(X),1095466,12494,(X),(X),(X),(X),1410059,13228,(X),(X),(X),(X),1532352,13574,(X),(X),(X),(X),1060308,7611,255236,4516,24.1,0.3,542463,5245,122691,3087,22.6,0.4,517845,4165,132545,2463,25.6,0.4,6538,65,(X),(X),(X),(X)
0400000US09,9,Connecticut,3481115,681,364740,6663,10.5,0.2,785691,741,110096,3203,14.0,0.4,783028,871,107610,3179,13.7,0.4,2186767,498,218693,4040,10.0,0.2,508657,444,35951,1350,7.1,0.3,1693247,1048,160850,3954,9.5,0.2,1787868,990,203890,3789,11.4,0.2,3387452,3230,347927,6851,10.3,0.2,2712847,4649,208383,5856,7.7,0.2,349474,2476,74923,2577,21.4,0.7,7525,813,1667,493,22.2,5.7,140643,1485,11892,1247,8.5,0.9,1072,264,131,90,12.2,7.6,175891,4395,50931,2966,29.0,1.6,93663,3219,16813,1545,18.0,1.4,498268,763,127399,4446,25.6,0.9,2437001,1392,145730,4200,6.0,0.2,2412105,700,205872,3569,8.5,0.1,244242,3067,56974,1900,23.3,0.7,659801,5561,72402,2085,11.0,0.3,603698,4602,46428,1362,7.7,0.2,904364,6018,30068,1341,3.3,0.2,1930497,4888,123539,2662,6.4,0.1,1746009,5651,77436,2130,4.4,0.1,898764,3935,33332,1552,3.7,0.2,847245,3485,44104,1507,5.2,0.2,184488,3023,46103,1466,25.0,0.7,101029,2189,21540,1042,21.3,0.9,83459,2043,24563,1155,29.4,1.1,2793094,1218,266156,4548,9.5,0.2,1188363,5503,16109,914,1.4,0.1,742855,5722,87767,2548,11.8,0.3,861876,5375,162280,3423,18.8,0.3,168574,4533,(X),(X),(X),(X),473103,8101,(X),(X),(X),(X),588529,9002,(X),(X),(X),(X),755293,9072,(X),(X),(X),(X),823045,9460,(X),(X),(X),(X),644234,5654,138055,2919,21.4,0.4,308998,3795,64201,1946,20.8,0.5,335236,3411,73854,1842,22.0,0.5,6614,83,(X),(X),(X),(X)
0400000US10,10,Delaware,891493,488,107101,3413,12.0,0.4,201162,496,35052,1879,17.4,0.9,200179,572,34165,1843,17.1,0.9,553202,199,62376,1994,11.3,0.4,137129,194,9673,704,7.1,0.5,429693,433,45413,1903,10.6,0.4,461800,573,61688,2016,13.4,0.4,868205,1699,102744,3355,11.8,0.4,624432,1986,58073,2601,9.3,0.4,189035,1341,36521,1823,19.3,1.0,3008,435,617,308,20.5,8.9,31339,480,2104,449,6.7,1.4,485,363,13,16,2.7,4.3,19906,1663,5416,1103,27.2,4.8,23288,1695,4357,639,18.7,2.5,76726,394,18411,1846,24.0,2.4,576489,714,47222,2052,8.2,0.4,610681,329,55647,1672,9.1,0.3,70700,2173,16249,975,23.0,1.2,191616,2708,20500,1183,10.7,0.6,166326,2399,12676,896,7.6,0.5,182039,2739,6222,583,3.4,0.3,463229,2434,32595,1424,7.0,0.3,423629,2529,22709,1148,5.4,0.3,213670,2048,9484,733,4.4,0.3,209959,1517,13225,874,6.3,0.4,39600,1541,9886,756,25.0,1.7,21479,1138,4301,497,20.0,2.1,18121,900,5585,444,30.8,2.3,712304,630,75172,2168,10.6,0.3,302308,2568,5829,573,1.9,0.2,170160,2485,25368,1087,14.9,0.6,239836,2347,43975,1603,18.3,0.6,51190,2030,(X),(X),(X),(X),140554,4106,(X),(X),(X),(X),179313,4630,(X),(X),(X),(X),234704,4167,(X),(X),(X),(X),254044,4532,(X),(X),(X),(X),166206,2925,39598,1481,23.8,0.8,78072,1657,16490,968,21.1,1.1,88134,1984,23108,1041,26.2,1.0,7092,147,(X),(X),(X),(X)
0400000US11,11,District of Columbia,599620,248,109378,3271,18.2,0.5,106540,266,29332,1690,27.5,1.6,106196,294,29023,1662,27.3,1.6,423700,252,70494,2043,16.6,0.5,69380,211,9552,621,13.8,0.9,283193,728,47341,1983,16.7,0.7,316427,760,62037,2030,19.6,0.6,584893,1291,107731,3243,18.4,0.6,238074,2224,19628,1371,8.2,0.5,300482,1435,79520,2975,26.5,1.0,2047,398,308,116,15.0,5.9,20585,784,3323,490,16.1,2.2,195,107,9,15,4.6,7.9,23510,1832,4943,866,21.0,3.6,14727,1262,1647,371,11.2,2.3,60874,376,10402,1371,17.1,2.2,208411,908,15390,1019,7.4,0.5,435199,458,59321,1861,13.6,0.4,47046,1689,16119,1010,34.3,1.7,79511,1946,18707,1193,23.5,1.3,73558,1888,11962,772,16.3,1.0,235084,1972,12533,817,5.3,0.3,357946,2034,33658,1388,9.4,0.4,320286,2111,18899,955,5.9,0.3,155080,1430,7256,715,4.7,0.4,165206,1820,11643,747,7.0,0.4,37660,1382,14759,967,39.2,1.9,19471,960,6563,581,33.7,2.4,18189,996,8196,681,45.1,2.8,503773,318,83358,2323,16.5,0.5,248696,2214,4245,436,1.7,0.2,109480,2267,25519,1160,23.3,0.9,145597,2181,53594,2090,36.8,1.1,59892,2766,(X),(X),(X),(X),131326,3384,(X),(X),(X),(X),154888,3759,(X),(X),(X),(X),179483,4014,(X),(X),(X),(X),191388,3851,(X),(X),(X),(X),233180,2683,49131,1523,21.1,0.6,111870,1933,21894,1222,19.6,1.0,121310,1654,27237,1066,22.5,0.8,7287,174,(X),(X),(X),(X)
0400000US12,12,Florida,18946215,2491,3159259,27638,16.7,0.1,3956251,2641,953348,13136,24.1,0.3,3939036,2868,937243,13057,23.8,0.3,11536759,1260,1852505,15981,16.1,0.1,3453205,1125,353406,4983,10.2,0.1,9192121,3113,1438816,14759,15.7,0.2,9754094,2691,1720443,15713,17.6,0.2,18504434,8835,3070227,27639,16.6,0.1,14482145,12492,2023478,22489,14.0,0.2,2993544,7005,841140,10485,28.1,0.3,57319,2859,13716,1445,23.9,1.9,484603,3488,62827,3675,13.0,0.7,11794,852,1988,516,16.9,4.1,475029,10870,127078,6119,26.8,1.1,441781,9032,89032,3262,20.2,0.7,4451167,1953,971507,15015,21.8,0.3,10744360,4871,1241898,14575,11.6,0.1,13340779,1806,1792143,14802,13.4,0.1,1760917,12419,500060,6717,28.4,0.3,3938409,21907,632239,7920,16.1,0.2,4027732,16341,448382,6093,11.1,0.1,3613721,20670,211462,3814,5.9,0.1,9333509,15656,1021960,10295,10.9,0.1,8313966,17175,664164,8394,8.0,0.1,4305661,10866,311220,5342,7.2,0.1,4008305,11597,352944,4468,8.8,0.1,1019543,10206,357796,5620,35.1,0.4,550749,6453,179333,3646,32.6,0.6,468794,6767,178463,3936,38.1,0.6,15459656,3497,2304539,18344,14.9,0.1,5827812,13627,198978,3734,3.4,0.1,3429618,16232,670123,7640,19.5,0.2,6202226,17515,1435438,14235,23.1,0.2,1399140,16600,(X),(X),(X),(X),4176571,28693,(X),(X),(X),(X),5228344,32971,(X),(X),(X),(X),6657932,36753,(X),(X),(X),(X),7211686,37719,(X),(X),(X),(X),3823703,17997,1051130,8994,27.5,0.2,1874492,13081,488655,6383,26.1,0.3,1949211,9411,562475,5812,28.9,0.3,6742,35,(X),(X),(X),(X)
0400000US13,13,Georgia,9637418,2002,1781388,19561,18.5,0.2,2454819,2066,636656,10411,25.9,0.4,2446145,2302,628514,10226,25.7,0.4,6074026,1358,1024987,10111,16.9,0.2,1108573,1051,119745,2522,10.8,0.2,4661688,3056,789608,9972,16.9,0.2,4975730,3108,991780,11360,19.9,0.2,9442668,5378,1738874,19579,18.4,0.2,5857995,7573,790801,13058,13.5,0.2,2941103,5059,794230,11687,27.0,0.4,24409,1536,6848,897,28.1,3.4,334995,2110,45156,2715,13.5,0.8,4063,533,1354,415,33.3,8.5,280103,7843,100485,4924,35.9,1.4,194750,5465,42514,3017,21.8,1.3,874167,1342,272703,6806,31.2,0.8,5329604,2229,637588,10537,12.0,0.2,6284026,2083,893745,9573,14.2,0.2,912617,8181,285435,5051,31.3,0.5,1783866,11340,306355,5105,17.2,0.3,1781047,8633,213582,3398,12.0,0.2,1806496,14075,88373,2482,4.9,0.1,4791503,9092,552188,6824,11.5,0.1,4278447,10256,368040,5316,8.6,0.1,2225503,6292,166030,3447,7.5,0.2,2052944,6985,202010,3610,9.8,0.2,513056,5358,184148,3111,35.9,0.5,265231,3900,87147,2422,32.9,0.8,247825,3555,97001,2200,39.1,0.8,7453965,2673,1201771,11889,16.1,0.2,3100884,8630,118877,2788,3.8,0.1,1677672,11549,363541,5524,21.7,0.3,2675409,11416,719353,9546,26.9,0.3,813731,12666,(X),(X),(X),(X),2290155,20572,(X),(X),(X),(X),2796993,22844,(X),(X),(X),(X),3493476,23400,(X),(X),(X),(X),3764666,24396,(X),(X),(X),(X),1637672,10390,482457,5576,29.5,0.3,801353,7621,213674,3993,26.7,0.4,836319,6087,268783,3946,32.1,0.4,6953,46,(X),(X),(X),(X)
0400000US15,15,Hawaii,1355375,621,153752,4468,11.3,0.3,301119,638,46302,2431,15.4,0.8,299376,776,44655,2520,14.9,0.8,847085,277,92050,2697,10.9,0.3,207171,267,15400,942,7.4,0.5,676726,634,69804,2365,10.3,0.3,678649,655,83948,2625,12.4,0.4,1034328,4662,109133,3813,10.6,0.4,336018,1903,37566,1903,11.2,0.6,24197,956,2411,439,10.0,1.8,2482,342,569,158,22.9,5.4,521765,3972,35283,1858,6.8,0.3,135824,2631,31003,2406,22.8,1.7,14042,1116,2301,479,16.4,3.3,321047,4668,44619,2722,13.9,0.8,128178,657,21741,1870,17.0,1.5,305770,642,33153,1831,10.8,0.6,936344,611,87292,2320,9.3,0.2,85055,2426,16191,1058,19.0,1.1,261720,3805,31291,1156,12.0,0.4,301810,3399,26259,1546,8.7,0.5,287759,3352,13551,869,4.7,0.3,688213,2941,45279,1908,6.6,0.3,642133,3055,33887,1464,5.3,0.2,333281,2463,14343,831,4.3,0.2,308852,1897,19544,1108,6.3,0.4,46080,1456,11392,853,24.7,1.7,26318,1078,6208,590,23.6,2.1,19762,941,5184,554,26.2,2.4,1086315,775,111847,2884,10.3,0.3,475558,3793,8465,674,1.8,0.1,251441,2815,35332,1275,14.1,0.5,359316,2825,68050,2200,18.9,0.5,74631,2857,(X),(X),(X),(X),202208,4859,(X),(X),(X),(X),247566,5509,(X),(X),(X),(X),321111,6566,(X),(X),(X),(X),354087,6577,(X),(X),(X),(X),238840,3687,59531,1930,24.9,0.7,122663,2291,26241,1260,21.4,0.9,116177,2253,33290,1283,28.7,1.0,7226,143,(X),(X),(X),(X)
0400000US16,16,Idaho,1568375,743,244618,5923,15.6,0.4,421836,837,81806,3310,19.4,0.8,419898,997,80079,3318,19.1,0.8,937246,531,145320,3097,15.5,0.3,209293,469,17492,1076,8.4,0.5,782876,927,113897,3239,14.5,0.4,785499,996,130721,3433,16.6,0.4,1530118,1789,234722,6040,15.3,0.4,1441279,2763,210539,5774,14.6,0.4,8718,552,2160,565,24.8,6.2,19356,1067,6113,625,31.6,2.7,21356,1060,3967,830,18.6,3.6,2142,401,348,148,16.2,7.3,37267,2438,11595,1623,31.1,3.2,38257,1601,9896,1028,25.9,2.6,181828,519,49646,2805,27.3,1.5,1309488,862,176215,5302,13.5,0.4,1001203,615,117240,2743,11.7,0.3,107174,2075,26161,1354,24.4,1.2,275572,3154,37694,1492,13.7,0.5,361299,2840,38819,1688,10.7,0.5,257158,3137,14566,967,5.7,0.4,762538,2953,84804,2412,11.1,0.3,701271,3323,65108,2027,9.3,0.3,381029,2254,31623,1292,8.3,0.3,320242,2590,33485,1325,10.5,0.4,61267,1948,19696,1154,32.1,1.4,34588,1380,10765,850,31.1,1.9,26679,1156,8931,729,33.5,2.2,1191248,922,170252,3482,14.3,0.3,459717,3719,16916,1030,3.7,0.2,344876,3651,72911,2148,21.1,0.6,386655,3453,80425,2333,20.8,0.5,100591,3788,(X),(X),(X),(X),333669,5826,(X),(X),(X),(X),431198,6531,(X),(X),(X),(X),563521,7386,(X),(X),(X),(X),615488,7480,(X),(X),(X),(X),265594,3626,83708,2315,31.5,0.7,132754,2427,39038,1614,29.4,0.9,132840,2384,44670,1618,33.6,1.0,6287,123,(X),(X),(X),(X)
0400000US17,17,Illinois,12566139,1746,1810470,16970,14.4,0.1,3011614,1914,612922,9291,20.4,0.3,3000697,2154,602924,9198,20.1,0.3,7922658,1290,1056395,8889,13.3,0.1,1631867,1146,141153,2454,8.6,0.2,6141344,1951,808431,9488,13.2,0.2,6424795,2235,1002039,9274,15.6,0.1,12297336,5913,1759439,17008,14.3,0.1,9137372,9945,964204,11105,10.6,0.1,1770957,4627,544436,7658,30.7,0.4,27935,1694,6095,790,21.8,2.4,614510,2589,75305,3079,12.3,0.5,3079,382,352,131,11.4,4.3,743483,11063,169047,6401,22.7,0.8,268803,5638,51031,2178,19.0,0.8,2064281,1393,429457,8820,20.8,0.4,7915381,2428,725756,8830,9.2,0.1,8414752,1168,925573,7941,11.0,0.1,1014260,7364,252435,3967,24.9,0.3,2259897,10440,306093,4405,13.5,0.2,2422817,9125,245954,3213,10.2,0.1,2717778,12837,121091,2508,4.5,0.1,6662735,8970,602193,6231,9.0,0.1,5999134,11166,394522,5162,6.6,0.1,3129302,6911,174601,3280,5.6,0.1,2869832,7309,219921,3617,7.7,0.1,663601,6402,207671,3906,31.3,0.4,362974,4956,101663,2706,28.0,0.6,300627,3823,106008,2444,35.3,0.6,9907809,2367,1259479,9858,12.7,0.1,4156776,9652,104040,2385,2.5,0.1,2493815,10768,421956,5540,16.9,0.2,3257218,10942,733483,6930,22.5,0.2,823627,11686,(X),(X),(X),(X),2353147,20241,(X),(X),(X),(X),2920241,22805,(X),(X),(X),(X),3688753,24633,(X),(X),(X),(X),4004005,24855,(X),(X),(X),(X),2301332,10959,578500,5907,25.1,0.2,1113665,7940,262814,4327,23.6,0.3,1187667,6257,315686,4035,26.6,0.3,6895,44,(X),(X),(X),(X)
0400000US18,18,Indiana,6342824,1644,983826,12328,15.5,0.2,1560702,1708,344952,6868,22.1,0.4,1551975,1896,336650,6802,21.7,0.4,3929382,972,577420,6560,14.7,0.2,852740,851,61454,1644,7.2,0.2,3109174,2134,438755,6481,14.1,0.2,3233650,1901,545071,7193,16.9,0.2,6208687,3748,947541,12495,15.3,0.2,5365839,4716,689180,10016,12.8,0.2,568598,2814,182971,4243,32.2,0.7,14778,882,3297,489,22.3,3.0,109598,1643,23388,1446,21.3,1.2,2007,401,505,189,25.2,8.2,147867,4737,48200,3474,32.6,1.9,134137,3363,36285,1711,27.1,1.2,401024,801,118456,3909,29.5,1.0,5139033,2181,627418,9419,12.2,0.2,4203911,1349,480064,5370,11.4,0.1,504881,5541,134079,3086,26.6,0.5,1465888,7560,177501,3470,12.1,0.2,1227050,5314,127808,2558,10.4,0.2,1006092,8726,40676,1526,4.0,0.2,3258506,8049,321033,4376,9.9,0.1,2971760,9073,222012,3306,7.5,0.1,1559500,5229,95562,2191,6.1,0.1,1412260,6451,126450,2482,9.0,0.2,286746,4286,99021,2531,34.5,0.7,156752,3073,48413,1679,30.9,0.9,129994,2557,50608,1804,38.9,1.0,4960423,2062,670181,7066,13.5,0.1,2042514,8619,55857,1580,2.7,0.1,1276229,8823,252305,3690,19.8,0.3,1641680,9050,362019,4946,22.1,0.3,456540,9501,(X),(X),(X),(X),1283204,13174,(X),(X),(X),(X),1600841,14400,(X),(X),(X),(X),2054349,15737,(X),(X),(X),(X),2233085,16528,(X),(X),(X),(X),1179143,7261,326527,4531,27.7,0.3,576665,5100,146337,2901,25.4,0.4,602478,4597,180190,3372,29.9,0.5,6730,46,(X),(X),(X),(X)
0400000US19,19,Iowa,2978240,695,373867,6086,12.6,0.2,712464,912,114792,3210,16.1,0.4,708921,981,111474,3201,15.7,0.5,1819722,669,225930,3487,12.4,0.2,446054,477,33145,891,7.4,0.2,1476161,1419,168093,3644,11.4,0.2,1502079,1388,205774,3214,13.7,0.2,2922775,2047,358814,6273,12.3,0.2,2727744,3056,302696,5718,11.1,0.2,89380,1461,33239,1875,37.2,1.9,8724,648,2562,448,29.4,4.5,56922,1047,10141,1138,17.8,1.8,1655,412,338,217,20.4,11.7,38350,2369,9838,1276,25.7,3.0,55465,1909,15053,1266,27.1,2.0,157995,484,40295,1876,25.5,1.2,2620217,1012,276575,5660,10.6,0.2,1999106,951,180381,3137,9.0,0.2,168692,2504,37991,1380,22.5,0.7,644276,3839,66941,1700,10.4,0.3,652173,4636,56769,1967,8.7,0.3,533965,5064,18680,941,3.5,0.2,1627019,3657,138235,2813,8.5,0.2,1541155,4257,110037,2268,7.1,0.1,805370,2920,46807,1356,5.8,0.2,735785,2942,63230,1830,8.6,0.2,85864,1822,28198,1204,32.8,1.2,49222,1438,14402,802,29.3,1.5,36642,1183,13796,818,37.7,1.7,2345836,974,269617,3811,11.5,0.2,1082681,4539,25644,1077,2.4,0.1,617296,4017,117798,2531,19.1,0.4,645859,3826,126175,2459,19.5,0.3,163949,4023,(X),(X),(X),(X),498222,7217,(X),(X),(X),(X),632021,8347,(X),(X),(X),(X),822543,9753,(X),(X),(X),(X),905590,10317,(X),(X),(X),(X),605501,3853,156523,2592,25.9,0.4,297562,3097,71687,1875,24.1,0.6,307939,2632,84836,1670,27.5,0.5,6263,73,(X),(X),(X),(X)
0400000US20,20,Kansas,2799551,948,386062,6931,13.8,0.2,713071,964,132088,3858,18.5,0.5,709540,1128,128831,3894,18.2,0.5,1709876,608,225566,3599,13.2,0.2,376604,565,28408,1114,7.5,0.3,1385292,1200,174394,3908,12.6,0.3,1414259,1237,211668,3648,15.0,0.3,2708538,2707,364330,6959,13.5,0.3,2394119,3219,290109,5444,12.1,0.2,157168,1836,41014,1901,26.1,1.2,22113,1034,5235,613,23.7,2.5,70168,1045,10807,1165,15.4,1.6,1387,226,425,278,30.6,17.9,63583,2561,16740,1927,26.3,2.5,91013,2568,21732,1645,23.9,1.6,308597,530,80240,3201,26.0,1.0,2172779,1237,232798,4646,10.7,0.2,1824070,903,180855,3109,9.9,0.2,177947,2636,43594,1541,24.5,0.8,490306,3626,61900,1685,12.6,0.3,587714,4012,54763,1674,9.3,0.3,568103,4160,20598,965,3.6,0.2,1478314,3686,136382,2862,9.2,0.2,1382405,3949,104743,2304,7.6,0.2,729181,2727,46413,1526,6.4,0.2,653224,2777,58330,1771,8.9,0.3,95909,2465,31639,1352,33.0,1.1,52281,1632,16097,875,30.8,1.4,43628,1468,15542,852,35.6,1.6,2163966,1112,265112,4034,12.3,0.2,990240,4276,28774,1190,2.9,0.1,553311,3719,109008,2280,19.7,0.4,620415,3286,127330,2639,20.5,0.4,163474,4233,(X),(X),(X),(X),513888,7518,(X),(X),(X),(X),644896,7863,(X),(X),(X),(X),838589,7765,(X),(X),(X),(X),916880,8426,(X),(X),(X),(X),527853,4790,141367,2696,26.8,0.4,259910,3608,65036,1805,25.0,0.6,267943,2890,76331,1859,28.5,0.6,6356,85,(X),(X),(X),(X)
0400000US21,21,Kentucky,4248233,1270,803866,10834,18.9,0.3,996692,1357,259146,5051,26.0,0.5,991053,1416,254012,4976,25.6,0.5,2660049,1087,477028,6699,17.9,0.3,591492,917,67692,1427,11.4,0.2,2078608,1611,362718,6180,17.5,0.3,2169625,1838,441148,5675,20.3,0.3,4165896,3214,778938,10882,18.7,0.3,3741396,2944,649239,9339,17.4,0.2,322163,2578,104206,3342,32.3,1.0,8497,744,2512,545,29.6,5.2,52145,1138,8255,919,15.8,1.7,1948,432,610,248,31.3,10.0,39747,2163,14116,1445,35.5,2.9,82337,2847,24928,1637,30.3,1.5,134663,538,43587,2474,32.4,1.8,3659189,1716,623723,9152,17.0,0.3,2875462,1295,433448,5787,15.1,0.2,464048,5032,149978,2900,32.3,0.5,966447,5338,155221,3252,16.1,0.3,808346,4721,101086,2228,12.5,0.3,636621,6417,27163,1201,4.3,0.2,2046144,5209,226874,3962,11.1,0.2,1856492,5721,155851,3045,8.4,0.2,969470,3818,69651,2178,7.2,0.2,887022,3855,86200,1898,9.7,0.2,189652,3185,71023,2172,37.4,0.9,104985,2333,36692,1603,34.9,1.1,84667,2134,34331,1436,40.5,1.4,3361542,1254,567558,7168,16.9,0.2,1307210,6149,44567,1417,3.4,0.1,781302,4988,169104,3207,21.6,0.4,1273030,5588,353887,5517,27.8,0.4,343619,7236,(X),(X),(X),(X),1038356,12025,(X),(X),(X),(X),1264953,12735,(X),(X),(X),(X),1565420,12601,(X),(X),(X),(X),1690710,12825,(X),(X),(X),(X),781891,5948,256893,4066,32.9,0.4,376641,4292,116152,3066,30.8,0.7,405250,3427,140741,2248,34.7,0.5,6101,56,(X),(X),(X),(X)
0400000US22,22,Louisiana,4470780,1277,874638,9725,19.6,0.2,1099671,1356,305225,5784,27.8,0.5,1095479,1439,301354,5729,27.5,0.5,2798025,1024,498107,5582,17.8,0.2,573084,847,71306,1580,12.4,0.3,2162149,1415,373665,4778,17.3,0.2,2308631,1343,500973,6176,21.7,0.3,4395841,2716,855500,9724,19.5,0.2,2827491,3000,352183,6426,12.5,0.2,1417587,2248,471642,6578,33.3,0.5,28176,1132,6615,1024,23.5,3.3,73890,945,13108,1428,17.7,1.9,1581,273,179,88,11.3,5.9,47116,2665,11773,1381,25.0,2.7,74939,2555,19138,1501,25.5,1.7,203451,557,45598,2486,22.4,1.2,2689491,1795,323571,6109,12.0,0.2,2932993,1111,442669,4663,15.1,0.2,486080,5240,149551,2986,30.8,0.5,991471,6394,160636,3305,16.2,0.3,793996,6394,99885,2167,12.6,0.3,661446,6636,32597,1192,4.9,0.2,2182315,6504,256543,3550,11.8,0.2,1994588,6680,182209,3174,9.1,0.2,1037518,4659,68356,2442,6.6,0.2,957070,4425,113853,2278,11.9,0.2,187727,2846,74334,2096,39.6,0.9,98981,2290,34174,1438,34.5,1.2,88746,2111,40160,1637,45.3,1.3,3494116,1580,598005,5953,17.1,0.2,1449338,6288,63594,2025,4.4,0.1,779051,6577,175866,3198,22.6,0.4,1265727,6915,358545,4992,28.3,0.3,392737,6894,(X),(X),(X),(X),1119173,11530,(X),(X),(X),(X),1358155,13498,(X),(X),(X),(X),1673043,15078,(X),(X),(X),(X),1797196,15456,(X),(X),(X),(X),818210,6358,259627,3887,31.7,0.4,406866,4573,112887,2607,27.7,0.5,411344,4100,146740,2617,35.7,0.5,6434,60,(X),(X),(X),(X)
0400000US23,23,Maine,1293316,611,179878,3456,13.9,0.3,259289,601,48717,2098,18.8,0.8,257530,712,47098,2039,18.3,0.8,814543,411,111771,2151,13.7,0.3,219484,367,19390,725,8.8,0.3,631646,898,80498,2066,12.7,0.3,661670,839,99380,2117,15.0,0.3,1269340,1126,173260,3402,13.6,0.3,1231242,993,161643,3372,13.1,0.3,13696,606,6574,826,48.0,5.3,7258,499,2517,297,34.7,3.7,13953,538,1901,498,13.6,3.6,195,98,62,66,31.8,23.3,2996,613,563,166,18.8,5.4,23976,890,6618,591,27.6,2.4,17500,229,5002,634,28.6,3.6,1218465,738,157933,3332,13.0,0.3,936417,476,106518,1950,11.4,0.2,79342,1674,20929,908,26.4,0.9,312725,2959,45624,1278,14.6,0.4,276450,2667,28077,947,10.2,0.3,267900,3243,11888,711,4.4,0.3,689361,2702,57533,1564,8.3,0.2,638537,2905,40792,1393,6.4,0.2,324177,2181,18293,856,5.6,0.3,314360,1889,22499,987,7.2,0.3,50824,1518,16741,812,32.9,1.4,29123,1028,8851,553,30.4,1.7,21701,917,7890,557,36.4,2.3,1065697,677,135507,2273,12.7,0.2,423893,2777,8728,709,2.1,0.2,294528,2727,48883,1427,16.6,0.4,347276,2656,77896,1742,22.4,0.4,67869,2097,(X),(X),(X),(X),243020,3898,(X),(X),(X),(X),306544,4462,(X),(X),(X),(X),398526,4938,(X),(X),(X),(X),436860,4993,(X),(X),(X),(X),297431,3095,78882,1752,26.5,0.6,139958,2106,35367,1320,25.3,0.9,157473,1891,43515,1195,27.6,0.7,5655,107,(X),(X),(X),(X)
0400000US24,24,Maryland,5746140,1201,573383,8393,10.0,0.1,1328416,1248,174964,4584,13.2,0.3,1323306,1405,170250,4617,12.9,0.3,3677556,741,342424,4965,9.3,0.1,740168,592,55995,1540,7.6,0.2,2769098,1561,246809,4400,8.9,0.2,2977042,1537,326574,5556,11.0,0.2,5580803,4092,552006,8508,9.9,0.2,3344992,6208,235453,6025,7.0,0.2,1682374,3932,255022,5661,15.2,0.3,16004,1287,2458,430,15.4,2.4,340100,1996,28258,2109,8.3,0.6,2276,288,294,121,12.9,5.2,195057,5939,30521,2850,15.6,1.4,165337,4054,21377,1690,12.9,1.0,505734,830,71160,3693,14.1,0.7,3084457,2001,202927,5036,6.6,0.2,3915069,940,314676,4202,8.0,0.1,419368,5169,86719,2255,20.7,0.5,998970,7350,107465,2464,10.8,0.2,1020155,5453,75825,1925,7.4,0.2,1476576,9650,44667,1480,3.0,0.1,3193254,6474,186571,3191,5.8,0.1,2937091,6967,122556,2746,4.2,0.1,1481197,4201,51776,2080,3.5,0.1,1455894,5118,70780,1990,4.9,0.1,256163,3439,64015,1766,25.0,0.7,135913,2522,29340,1251,21.6,0.8,120250,2198,34675,1330,28.8,1.0,4572279,1494,415794,5703,9.1,0.1,2161554,7427,32016,1102,1.5,0.1,1075153,7004,136620,3450,12.7,0.3,1335572,6866,247158,4033,18.5,0.3,276699,6406,(X),(X),(X),(X),747304,10412,(X),(X),(X),(X),937967,12425,(X),(X),(X),(X),1217052,12673,(X),(X),(X),(X),1336868,13381,(X),(X),(X),(X),1052913,8290,219266,4381,20.8,0.4,497354,5883,97029,2655,19.5,0.4,555559,4753,122237,2848,22.0,0.5,6862,72,(X),(X),(X),(X)
0400000US25,25,Massachusetts,6424688,905,742784,9919,11.6,0.2,1384189,1017,209391,4418,15.1,0.3,1378220,1205,203844,4421,14.8,0.3,4120824,665,449456,6352,10.9,0.2,919675,524,83937,1756,9.1,0.2,3112886,1679,321722,5113,10.3,0.2,3311802,1533,421062,6370,12.7,0.2,6242753,4673,705814,9813,11.3,0.2,5152072,6022,463512,8257,9.0,0.2,444495,3578,99554,3535,22.4,0.8,13230,1100,3340,623,25.2,4.1,366371,2166,53260,2702,14.5,0.7,1512,261,180,102,11.9,6.6,265073,6015,85968,4221,32.4,1.3,181935,4521,36970,2289,20.3,1.1,659538,998,198987,4298,30.2,0.6,4828531,2446,375581,7044,7.8,0.1,4490681,893,420198,5691,9.4,0.1,459283,5076,116574,3037,25.4,0.6,1138074,7983,134255,2618,11.8,0.2,1081946,5887,93019,2325,8.6,0.2,1811378,9777,76350,2150,4.2,0.1,3597549,6612,230386,4244,6.4,0.1,3295532,7460,154758,3517,4.7,0.1,1677080,5472,63730,1765,3.8,0.1,1618452,4649,91028,2768,5.6,0.2,302017,4380,75628,2213,25.0,0.6,168321,3069,37470,1465,22.3,0.8,133696,2805,38158,1533,28.5,1.0,5210203,1770,557419,7096,10.7,0.1,2224812,8806,26220,1376,1.2,0.1,1415655,8826,181800,3050,12.8,0.2,1569736,7750,349399,4917,22.3,0.3,340361,6995,(X),(X),(X),(X),962234,10201,(X),(X),(X),(X),1179180,12606,(X),(X),(X),(X),1481979,13794,(X),(X),(X),(X),1606693,14464,(X),(X),(X),(X),1351348,10758,310445,5004,23.0,0.3,643032,6180,139945,3078,21.8,0.4,708316,6582,170500,3411,24.1,0.4,6431,61,(X),(X),(X),(X)
0400000US26,26,Michigan,9667444,1407,1633316,15473,16.9,0.2,2233586,1492,529644,8204,23.7,0.4,2221202,1610,517923,8209,23.3,0.4,6030548,815,989716,8736,16.4,0.1,1403310,604,113956,2206,8.1,0.2,4725289,1629,744576,7883,15.8,0.2,4942155,1754,888740,9344,18.0,0.2,9422510,5615,1563547,15029,16.6,0.2,7680086,4032,1021834,12115,13.3,0.2,1331426,4015,462457,5936,34.7,0.4,53291,1394,13440,844,25.2,1.4,251125,2008,35809,1915,14.3,0.7,1779,271,356,150,20.0,7.2,104803,3036,29651,2147,28.3,1.8,244934,5255,69769,2272,28.5,0.9,445797,826,125377,3804,28.1,0.9,7383641,2154,941594,10470,12.8,0.1,6524131,1233,827808,7638,12.7,0.1,685473,5488,201106,3286,29.3,0.4,1954803,8522,297232,3792,15.2,0.2,2142586,7093,251674,3662,11.7,0.2,1741269,10308,77796,1874,4.5,0.1,4816241,8766,554481,6328,11.5,0.1,4267632,9885,355622,4799,8.3,0.1,2193236,6189,152476,2550,7.0,0.1,2074396,5554,203146,3344,9.8,0.2,548609,5569,198859,3413,36.2,0.5,307010,4170,103416,2316,33.7,0.6,241599,3266,95443,2378,39.5,0.7,7709382,2233,1158638,9403,15.0,0.1,2781401,8835,83411,2051,3.0,0.1,2041567,9092,407946,5198,20.0,0.2,2886414,10410,667281,6904,23.1,0.2,749731,9894,(X),(X),(X),(X),2079415,17267,(X),(X),(X),(X),2537788,17693,(X),(X),(X),(X),3167686,17993,(X),(X),(X),(X),3427325,17632,(X),(X),(X),(X),1865388,8153,552799,5109,29.6,0.2,908499,5708,263259,3315,29.0,0.3,956889,4949,289540,3638,30.3,0.3,6541,40,(X),(X),(X),(X)
0400000US27,27,Minnesota,5260351,1046,605761,7867,11.5,0.1,1261113,1069,186585,4221,14.8,0.3,1255209,1237,181116,4232,14.4,0.3,3299007,640,364358,4291,11.0,0.1,700231,613,54818,1364,7.8,0.2,2611040,1527,277732,4360,10.6,0.2,2649311,1611,328029,4604,12.4,0.2,5125959,3254,576239,7648,11.2,0.1,4488514,3102,397462,6015,8.9,0.1,278879,2408,101925,3511,36.5,1.2,53364,1330,19225,1180,36.0,2.1,226270,1770,37655,1832,16.6,0.8,2059,271,415,112,20.2,6.1,76873,3022,19557,1920,25.4,2.1,134392,3241,29522,1514,22.0,1.0,257536,498,62901,3110,24.4,1.2,4327926,1210,359765,5281,8.3,0.1,3548761,881,305876,3482,8.6,0.1,265387,2772,69303,1823,26.1,0.7,930344,6352,103754,1721,11.2,0.2,1164120,5310,94218,1916,8.1,0.2,1188910,7585,38601,1167,3.2,0.1,2943527,5213,222978,3048,7.6,0.1,2756468,5543,168272,2771,6.1,0.1,1426097,3615,74170,2172,5.2,0.1,1330371,3964,94102,1983,7.1,0.1,187059,2411,54706,1636,29.2,0.8,108402,2034,29074,1217,26.8,0.9,78657,1460,25632,994,32.6,1.1,4141914,1150,437320,4685,10.6,0.1,1857240,5824,35249,1281,1.9,0.1,1189141,6510,190154,2846,16.0,0.2,1095533,5023,211917,3468,19.3,0.3,262262,5899,(X),(X),(X),(X),799867,8653,(X),(X),(X),(X),1001988,9692,(X),(X),(X),(X),1301978,11639,(X),(X),(X),(X),1425046,12554,(X),(X),(X),(X),1073482,6120,254308,3369,23.7,0.3,535874,4589,121153,2520,22.6,0.4,537608,3877,133155,2514,24.8,0.4,6150,55,(X),(X),(X),(X)
0400000US28,28,Mississippi,2887236,1016,653726,8858,22.6,0.3,732151,1303,235678,4544,32.2,0.6,729241,1320,232957,4560,31.9,0.6,1765257,846,365195,5115,20.7,0.3,389828,680,52853,1230,13.6,0.3,1386494,1630,281676,4546,20.3,0.3,1500742,1448,372050,5523,24.8,0.4,2853961,2356,644134,8829,22.6,0.3,1721301,2542,243470,5922,14.1,0.3,1070411,2409,385078,6947,36.0,0.6,12594,632,3550,683,28.2,5.0,27250,919,4106,687,15.1,2.4,339,120,121,86,35.7,25.0,22066,1908,7809,1062,35.4,4.3,33275,2057,9592,1176,28.8,2.9,76958,526,24696,1798,32.1,2.4,1673820,1230,229372,5764,13.7,0.3,1881046,1364,326630,4534,17.4,0.2,329580,4258,111848,2514,33.9,0.7,566847,4583,109087,2250,19.2,0.4,594040,4760,85132,2006,14.3,0.3,390579,5138,20563,1040,5.3,0.3,1337043,5280,184458,3395,13.8,0.3,1193109,5277,121206,2833,10.2,0.2,613360,3522,48544,1848,7.9,0.3,579749,3194,72662,2014,12.5,0.3,143934,2740,63252,1875,43.9,1.1,74124,2265,28356,1367,38.3,1.7,69810,1722,34896,1193,50.0,1.3,2236049,1450,439792,5614,19.7,0.3,871204,4689,44049,1733,5.1,0.2,465494,5075,115602,2836,24.8,0.5,899351,5370,280141,4459,31.1,0.4,287461,7319,(X),(X),(X),(X),840023,9180,(X),(X),(X),(X),1009866,9174,(X),(X),(X),(X),1241607,9966,(X),(X),(X),(X),1329647,10274,(X),(X),(X),(X),466082,4933,163997,3245,35.2,0.6,225629,3626,71793,1838,31.8,0.7,240453,2839,92204,2430,38.3,0.8,6261,81,(X),(X),(X),(X)
0400000US29,29,Missouri,5847086,1602,912291,10971,15.6,0.2,1377163,1692,296365,5427,21.5,0.4,1369458,1843,289121,5409,21.1,0.4,3625528,1022,540106,6472,14.9,0.2,844395,722,75820,1614,9.0,0.2,2850878,1961,409687,6679,14.4,0.2,2996208,1710,502604,5482,16.8,0.2,5709091,3607,878119,10614,15.4,0.2,4856962,3264,641027,9059,13.2,0.2,662814,3124,194121,5947,29.3,0.9,23246,1122,5428,614,23.4,2.2,98045,1455,16639,1331,17.0,1.3,5706,548,1326,448,23.2,7.4,62318,2758,19578,1803,31.4,2.6,137995,3296,34172,2246,24.8,1.4,219068,644,58056,2765,26.5,1.3,4720728,1634,607447,8700,12.9,0.2,3944561,1378,471753,5870,12.0,0.1,457236,4530,127200,2980,27.8,0.5,1230630,7616,166906,3628,13.6,0.3,1189085,5733,130838,2975,11.0,0.2,1067610,7848,46809,1739,4.4,0.2,3012712,6660,294991,4269,9.8,0.1,2760791,7594,207586,3587,7.5,0.1,1416167,5468,90349,2592,6.4,0.2,1344624,4830,117237,2352,8.7,0.2,251921,3777,87405,2220,34.7,0.6,140043,2787,42673,1442,30.5,0.8,111878,2184,44732,1539,40.0,1.0,4627720,1712,642597,6790,13.9,0.1,1941061,7528,56939,1746,2.9,0.1,1147617,6335,226924,4103,19.8,0.3,1539042,6840,358734,4774,23.3,0.3,398192,6833,(X),(X),(X),(X),1194156,11525,(X),(X),(X),(X),1489949,13420,(X),(X),(X),(X),1903457,14438,(X),(X),(X),(X),2073938,14611,(X),(X),(X),(X),1146089,7426,324531,4502,28.3,0.3,549327,4854,146707,2642,26.7,0.4,596762,4253,177824,2808,29.8,0.4,6351,59,(X),(X),(X),(X)
0400000US30,30,Montana,981707,586,150096,3959,15.3,0.4,218931,627,43558,2012,19.9,0.9,217251,726,41956,2000,19.3,0.9,609444,473,93870,2386,15.4,0.4,153332,349,12668,640,8.3,0.4,491636,833,70039,2297,14.2,0.5,490071,847,80057,2212,16.3,0.4,957543,1335,144966,3954,15.1,0.4,879101,978,118687,3550,13.5,0.4,4267,389,1063,270,24.9,5.3,62478,764,22837,1297,36.6,2.0,6383,477,1141,284,17.9,4.0,608,171,106,78,17.4,12.0,4706,654,1132,319,24.1,6.4,24164,1062,5130,679,21.2,2.5,30700,279,8169,905,26.6,3.0,857978,593,113007,3526,13.2,0.4,673757,653,77175,2008,11.5,0.3,49360,1531,12036,717,24.4,1.2,199640,2566,28326,1300,14.2,0.6,226818,2456,26308,924,11.6,0.4,197939,2698,10505,754,5.3,0.4,513190,2594,54558,1630,10.6,0.3,478731,2866,42489,1442,8.9,0.3,251707,1927,19165,1098,7.6,0.4,227024,1737,23324,939,10.3,0.4,34459,1257,12069,790,35.0,1.7,21108,971,6964,652,33.0,2.3,13351,809,5105,442,38.2,2.5,787569,628,110824,2693,14.1,0.3,315143,2408,10212,640,3.2,0.2,230710,2602,48154,1606,20.9,0.7,241716,2275,52458,1730,21.7,0.6,63421,2534,(X),(X),(X),(X),202309,4241,(X),(X),(X),(X),253945,4392,(X),(X),(X),(X),325600,4455,(X),(X),(X),(X),354874,4521,(X),(X),(X),(X),218198,3144,62675,1903,28.7,0.7,111283,2020,30033,1306,27.0,1.0,106915,1864,32642,1261,30.5,1.0,6086,122,(X),(X),(X),(X)
0400000US31,31,Nebraska,1801893,617,231762,4907,12.9,0.3,454094,636,79766,2874,17.6,0.6,451472,677,77262,2841,17.1,0.6,1102333,492,132946,2616,12.1,0.2,245466,380,19050,758,7.8,0.3,894431,952,102684,2739,11.5,0.3,907462,984,129078,2937,14.2,0.3,1762432,1587,223069,4755,12.7,0.3,1593356,2514,174935,4337,11.0,0.3,81735,1283,26981,1579,33.0,1.8,15417,790,6666,782,43.2,3.6,34514,706,5749,764,16.7,2.2,1043,234,212,141,20.3,12.6,36367,2061,8526,1203,23.4,3.1,39461,1516,8693,995,22.0,2.1,175830,428,46116,2391,26.2,1.4,1465887,887,141496,3548,9.7,0.2,1184812,618,108886,2183,9.2,0.2,109439,2129,27003,1304,24.7,0.9,326809,3129,35255,1168,10.8,0.3,401186,2830,34600,1125,8.6,0.3,347378,3439,12028,677,3.5,0.2,1000622,2701,86024,2057,8.6,0.2,947753,2894,66753,1690,7.0,0.2,497336,2101,28982,1079,5.8,0.2,450417,2242,37771,1092,8.4,0.2,52869,1582,19271,1145,36.5,1.5,29359,1171,9613,793,32.7,1.9,23510,914,9658,647,41.1,2.0,1396748,932,159538,2799,11.4,0.2,679556,3137,18556,932,2.7,0.1,366104,3001,69496,1757,19.0,0.4,351088,2580,71486,1730,20.4,0.4,96267,3185,(X),(X),(X),(X),315328,5679,(X),(X),(X),(X),398080,6247,(X),(X),(X),(X),521388,6502,(X),(X),(X),(X),570403,6292,(X),(X),(X),(X),352529,3532,85111,1653,24.1,0.4,176593,2267,37277,1092,21.1,0.6,175936,2198,47834,1298,27.2,0.6,6009,85,(X),(X),(X),(X)
0400000US32,32,Nevada,2722641,1163,423578,8562,15.6,0.3,651568,1285,146206,4052,22.4,0.6,648062,1521,142858,3940,22.0,0.6,1713111,581,247805,5103,14.5,0.3,357962,413,29567,1257,8.3,0.4,1363490,1011,198402,4323,14.6,0.3,1359151,1085,225176,5139,16.6,0.4,2608847,4050,405666,8545,15.5,0.3,1912135,7007,262424,6318,13.7,0.3,221612,2537,57590,3110,26.0,1.3,29222,1132,7900,737,27.0,2.2,206645,2212,21809,2065,10.6,1.0,16946,612,4216,905,24.9,5.2,222287,6424,51727,3348,23.3,1.3,113794,3955,17912,1620,15.7,1.3,742583,758,167508,5008,22.6,0.7,1437200,1099,155726,4117,10.8,0.3,1826559,608,222351,4335,12.2,0.2,273772,3902,63318,2154,23.1,0.7,521768,5196,70748,2206,13.6,0.4,615961,5804,64279,2401,10.4,0.4,415058,4957,24006,1187,5.8,0.3,1405617,4928,141694,3557,10.1,0.2,1239731,5272,91526,2784,7.4,0.2,661973,3174,45271,1787,6.8,0.3,577758,3862,46255,1659,8.0,0.3,165886,3236,50168,1973,30.2,1.0,94213,2351,27178,1282,28.8,1.1,71673,1931,22990,1213,32.1,1.4,2145576,1166,291358,5803,13.6,0.3,863663,4937,26283,1358,3.0,0.2,530306,4690,95886,2565,18.1,0.5,751607,4535,169189,3949,22.5,0.5,194693,5297,(X),(X),(X),(X),563827,10161,(X),(X),(X),(X),709257,10453,(X),(X),(X),(X),913283,10196,(X),(X),(X),(X),996857,10869,(X),(X),(X),(X),558686,6059,137119,3164,24.5,0.5,299684,4261,65893,1838,22.0,0.6,259002,3175,71226,2171,27.5,0.7,7190,83,(X),(X),(X),(X)
0400000US33,33,New Hampshire,1280899,480,113374,3400,8.9,0.3,271465,556,31363,1677,11.6,0.6,270031,668,30115,1648,11.2,0.6,823297,402,70936,2240,8.6,0.3,186137,333,11075,558,5.9,0.3,632697,817,50717,2000,8.0,0.3,648202,756,62657,1864,9.7,0.3,1258026,1292,109777,3318,8.7,0.3,1203367,1345,101842,3150,8.5,0.3,15016,876,2726,631,18.2,3.8,2447,368,363,148,14.8,5.6,29462,761,3269,609,11.1,2.0,267,125,16,16,6.0,6.5,7467,907,1561,460,20.9,6.0,22873,1196,3597,540,15.7,2.2,38907,262,7667,1003,19.7,2.6,1175688,874,96654,2949,8.2,0.3,906341,498,63809,1720,7.0,0.2,70527,2078,12400,852,17.6,1.0,262190,3403,23865,1176,9.1,0.4,260073,3099,18222,925,7.0,0.3,313551,3956,9322,745,3.0,0.2,730647,2741,38459,1538,5.3,0.2,683677,2985,26985,1043,3.9,0.2,356306,1829,11636,780,3.3,0.2,327371,2181,15349,830,4.7,0.3,46970,1539,11474,874,24.4,1.5,27149,1217,6300,640,23.2,1.9,19821,1019,5174,514,26.1,2.1,1044376,742,85457,2341,8.2,0.2,470300,2831,5499,606,1.2,0.1,280511,3117,32371,1305,11.5,0.5,293565,3034,47587,1575,16.2,0.5,50395,2377,(X),(X),(X),(X),151729,4075,(X),(X),(X),(X),196574,4490,(X),(X),(X),(X),261823,4870,(X),(X),(X),(X),289341,5171,(X),(X),(X),(X),252614,3160,51295,1645,20.3,0.6,123001,2235,23398,1320,19.0,0.9,129613,1929,27897,1085,21.5,0.7,6318,146,(X),(X),(X),(X)
0400000US34,34,New Jersey,8699566,1224,934665,11969,10.7,0.1,2013852,1326,309904,6153,15.4,0.3,2007711,1392,304332,6008,15.2,0.3,5475846,820,528921,6780,9.7,0.1,1209868,733,95840,2538,7.9,0.2,4225442,1247,409366,6615,9.7,0.2,4474124,1416,525299,6978,11.7,0.2,8483069,5388,898926,12313,10.6,0.1,5993329,8508,479573,9140,8.0,0.2,1150724,4554,232489,4884,20.2,0.4,18556,1397,4247,811,22.9,3.9,768874,2690,52356,2891,6.8,0.4,2523,509,322,143,12.8,6.0,549063,9120,129939,4813,23.7,0.8,216497,5330,35739,2362,16.5,1.0,1625011,1196,332302,7390,20.4,0.5,5044277,2616,308626,6962,6.1,0.1,5964791,846,515841,6321,8.6,0.1,674956,6703,148142,3192,21.9,0.4,1703088,10807,185283,3409,10.9,0.2,1394522,7152,107823,2494,7.7,0.2,2192225,12163,74593,2424,3.4,0.1,4671101,8959,284319,3992,6.1,0.1,4220101,9828,185023,3414,4.4,0.1,2214377,6359,82938,1984,3.7,0.1,2005724,6030,102085,2458,5.1,0.1,451000,4640,99296,2339,22.0,0.4,238969,3273,44617,1556,18.7,0.5,212031,2959,54679,1608,25.8,0.7,6924476,1721,656308,7976,9.5,0.1,2999271,8848,54757,2086,1.8,0.1,1642141,9425,182123,3340,11.1,0.2,2283064,9825,419428,5942,18.4,0.2,421898,7993,(X),(X),(X),(X),1225447,13543,(X),(X),(X),(X),1523200,15439,(X),(X),(X),(X),1958530,18481,(X),(X),(X),(X),2135826,19446,(X),(X),(X),(X),1407150,9387,293685,4263,20.9,0.3,668652,6701,125665,2854,18.8,0.4,738498,5585,168020,2995,22.8,0.4,6671,55,(X),(X),(X),(X)
0400000US35,35,New Mexico,2039574,749,426116,7932,20.9,0.4,504947,851,148427,3941,29.4,0.8,502857,902,146505,3910,29.1,0.8,1244509,652,242392,4721,19.5,0.4,290118,456,35297,1027,12.2,0.4,1002049,1142,197224,4174,19.7,0.4,1037525,1051,228892,4495,22.1,0.4,1975695,2737,412153,7797,20.9,0.4,1495092,4697,268390,6715,18.0,0.4,39901,1175,10096,978,25.3,2.4,186363,1597,65732,2272,35.3,1.2,27939,892,3657,516,13.1,1.7,1180,253,219,137,18.6,10.0,225220,5037,64059,3194,28.4,1.3,63879,2540,13963,1140,21.9,1.7,957924,862,247187,6730,25.8,0.7,811413,862,97707,2744,12.0,0.3,1337973,746,220100,3982,16.5,0.3,209284,3359,71000,2015,33.9,0.9,352008,3515,65939,1792,18.7,0.5,423319,4245,61408,1866,14.5,0.5,353362,4039,21753,1071,6.2,0.3,965747,4187,129948,2956,13.5,0.3,873407,4773,93123,2633,10.7,0.3,458714,3033,44925,1686,9.8,0.4,414693,3323,48198,1720,11.6,0.4,92340,2172,36825,1574,39.9,1.4,51206,1694,19256,1134,37.6,1.8,41134,1316,17569,1062,42.7,2.0,1589943,1031,291077,5196,18.3,0.3,613038,4426,31476,1331,5.1,0.2,371262,4196,89423,2728,24.1,0.7,605643,4529,170178,3460,28.1,0.5,187683,5739,(X),(X),(X),(X),550118,8502,(X),(X),(X),(X),665582,9349,(X),(X),(X),(X),822454,9434,(X),(X),(X),(X),879706,9653,(X),(X),(X),(X),387157,4977,118195,2401,30.5,0.5,193169,3341,56556,1859,29.3,0.8,193988,3035,61639,1755,31.8,0.8,6536,89,(X),(X),(X),(X)
0400000US36,36,New York,19082682,2040,2978521,20970,15.6,0.1,4203772,2253,929832,9747,22.1,0.2,4186840,2468,914423,9700,21.8,0.2,12222997,1491,1744779,13313,14.3,0.1,2655913,1114,303910,3771,11.4,0.1,9218142,2632,1313526,11366,14.2,0.1,9864540,2709,1664995,11930,16.9,0.1,18553171,9536,2863572,21286,15.4,0.1,12414213,15886,1401545,13607,11.3,0.1,2949680,6995,692260,9131,23.5,0.3,72647,2445,19458,1520,26.8,1.9,1491662,4267,274891,6931,18.4,0.5,6082,672,1260,414,20.7,6.4,1618887,18896,474158,9993,29.3,0.5,529511,9648,114949,4131,21.7,0.7,3484189,1687,901347,10723,25.9,0.3,10932573,3348,1089352,11557,10.0,0.1,13124632,1382,1641780,11320,12.5,0.1,1879563,10104,541545,5804,28.8,0.3,3511642,16622,522072,6137,14.9,0.2,3265223,12089,344806,4548,10.6,0.1,4468204,19178,233357,4001,5.2,0.1,9955545,14482,862029,8790,8.7,0.1,9072756,14078,600705,6865,6.6,0.1,4672555,8245,271815,4645,5.8,0.1,4400201,9679,328890,4160,7.5,0.1,882789,7711,261324,4363,29.6,0.4,477322,4830,128475,2616,26.9,0.5,405467,4863,132849,2846,32.8,0.6,15381432,2865,2145534,14607,13.9,0.1,6421357,13938,181760,3840,2.8,0.1,3576315,15980,594502,5790,16.6,0.2,5383760,15534,1369272,10859,25.4,0.2,1325840,12881,(X),(X),(X),(X),3812446,24711,(X),(X),(X),(X),4652257,28772,(X),(X),(X),(X),5770261,30735,(X),(X),(X),(X),6213949,31811,(X),(X),(X),(X),3847954,16009,973457,7843,25.3,0.2,1841520,10404,431966,5363,23.5,0.2,2006434,9259,541491,5047,27.0,0.2,6550,38,(X),(X),(X),(X)
0400000US37,37,North Carolina,9496939,1752,1669147,16490,17.6,0.2,2253498,1792,562504,9135,25.0,0.4,2243728,1978,553379,9076,24.7,0.4,5938603,1109,977114,9373,16.5,0.2,1304838,1001,129529,2489,9.9,0.2,4598911,2249,741914,8565,16.1,0.2,4898028,2209,927233,10200,18.9,0.2,9279214,4786,1611056,16344,17.4,0.2,6636296,7909,887574,13218,13.4,0.2,2011819,4766,555579,7359,27.6,0.4,110662,1918,33327,1620,30.1,1.5,226318,1756,30273,1971,13.4,0.9,5783,757,1237,417,21.4,6.4,288336,7490,103066,5222,35.7,1.4,217725,4586,58091,2687,26.7,1.1,831856,1047,277906,6604,33.4,0.8,6154945,2550,733606,11477,11.9,0.2,6391539,1914,857862,7272,13.4,0.1,912486,9103,283211,4797,31.0,0.4,1709759,9615,266794,4001,15.6,0.2,1971930,10219,230892,3878,11.7,0.2,1797364,13422,76965,2279,4.3,0.1,4765752,8668,548147,6415,11.5,0.1,4266229,11139,366564,5379,8.6,0.1,2195796,7432,162917,3078,7.4,0.1,2070433,6750,203647,4014,9.8,0.2,499523,5831,181583,3328,36.4,0.5,261905,3997,86393,2213,33.0,0.8,237618,3340,95190,2111,40.1,0.7,7491976,2037,1159225,10048,15.5,0.1,3024427,10387,103477,2482,3.4,0.1,1807604,9664,391320,5142,21.6,0.3,2659945,10278,664428,6520,25.0,0.2,728777,10991,(X),(X),(X),(X),2189182,19775,(X),(X),(X),(X),2710156,22594,(X),(X),(X),(X),3399011,24691,(X),(X),(X),(X),3672028,25510,(X),(X),(X),(X),1776531,12365,515867,6359,29.0,0.3,844604,8542,227567,4127,26.9,0.4,931927,6198,288300,3888,30.9,0.3,6527,43,(X),(X),(X),(X)
0400000US38,38,North Dakota,679912,321,80865,2846,11.9,0.4,155542,437,22498,1326,14.5,0.8,154679,491,21695,1302,14.0,0.8,429443,375,48719,1742,11.3,0.4,94927,250,9648,547,10.2,0.6,345113,673,36027,1473,10.4,0.4,334799,638,44838,1774,13.4,0.5,665741,972,77978,2861,11.7,0.4,607214,560,57352,2273,9.4,0.4,10032,634,3494,601,34.8,5.7,35650,735,14440,955,40.5,2.5,7679,406,1940,448,25.3,5.5,284,112,75,60,26.4,17.1,4882,567,677,250,13.9,4.7,14171,962,2887,467,20.4,3.0,17327,171,4147,626,23.9,3.6,597483,390,54781,2127,9.2,0.4,449592,558,37560,1434,8.4,0.3,36860,1140,7877,479,21.4,1.2,122385,2060,12667,815,10.4,0.6,165773,1916,12647,730,7.6,0.4,124574,2124,4369,420,3.5,0.3,387377,1745,30181,1435,7.8,0.4,375761,1960,26346,1247,7.0,0.3,201812,1244,11377,801,5.6,0.4,173949,1437,14969,827,8.6,0.5,11616,816,3835,441,33.0,3.2,6821,607,1880,326,27.6,3.8,4795,475,1955,321,40.8,4.9,541288,588,60552,2011,11.2,0.4,267135,2347,6427,586,2.4,0.2,148491,2297,27211,1327,18.3,0.9,125662,1803,26914,1141,21.4,0.8,37559,1847,(X),(X),(X),(X),107178,2997,(X),(X),(X),(X),132314,3368,(X),(X),(X),(X),170797,3355,(X),(X),(X),(X),187100,3528,(X),(X),(X),(X),158506,2032,38682,1402,24.4,0.8,84175,1448,17546,889,20.8,1.0,74331,1335,21136,1017,28.4,1.2,5961,140,(X),(X),(X),(X)
0400000US39,39,Ohio,11243508,1890,1790564,18245,15.9,0.2,2628285,1910,606061,9837,23.1,0.4,2614891,2237,593262,9642,22.7,0.4,6980022,1382,1053158,9172,15.1,0.1,1635201,1034,131345,2421,8.0,0.1,5475809,1897,797365,8770,14.6,0.2,5767699,2042,993199,10969,17.2,0.2,10979497,5022,1710770,17599,15.6,0.2,9316584,3535,1191781,15440,12.8,0.2,1343767,4753,459140,6984,34.2,0.5,20078,1123,5838,685,29.1,2.8,202586,1731,26084,1622,12.9,0.8,2776,387,541,272,19.5,9.2,93706,3307,27386,1784,29.2,1.7,264011,4496,79794,3067,30.2,1.0,367447,697,106717,3212,29.0,0.9,9085777,2325,1130266,14767,12.4,0.2,7634243,1226,913575,7854,12.0,0.1,825300,7215,237703,4603,28.8,0.4,2621850,10656,346795,4393,13.2,0.1,2204243,7666,249836,3626,11.3,0.2,1982850,13366,79241,1847,4.0,0.1,5790934,9110,578507,6222,10.0,0.1,5263235,10541,385478,4841,7.3,0.1,2712478,6738,159984,3130,5.9,0.1,2550757,6425,225494,3520,8.8,0.1,527699,5228,193029,3490,36.6,0.5,295946,3870,97732,2361,33.0,0.6,231753,3275,95297,2415,41.1,0.9,8922668,2073,1240283,10686,13.9,0.1,3622344,9079,94587,2162,2.6,0.1,2247362,9574,437020,4949,19.4,0.2,3052962,9735,708676,8130,23.2,0.2,832476,11253,(X),(X),(X),(X),2299400,20027,(X),(X),(X),(X),2812337,22160,(X),(X),(X),(X),3551627,23606,(X),(X),(X),(X),3859814,24780,(X),(X),(X),(X),2233557,9535,616523,5061,27.6,0.2,1079893,6891,284342,3615,26.3,0.3,1153664,5863,332181,3548,28.8,0.3,6533,38,(X),(X),(X),(X)
0400000US40,40,Oklahoma,3704019,895,625508,7528,16.9,0.2,924517,975,218650,4039,23.7,0.4,919220,1009,213955,3950,23.3,0.4,2264492,637,359016,4125,15.9,0.2,515010,557,47842,1191,9.3,0.2,1819815,1635,279731,4210,15.4,0.2,1884204,1698,345777,4448,18.4,0.2,3418881,4179,560306,7360,16.4,0.2,2724925,3936,385511,6317,14.1,0.2,259308,2370,78892,2705,30.4,1.0,266970,2712,59982,2075,22.5,0.7,69247,1114,10332,926,14.9,1.3,4299,313,1178,371,27.4,8.1,94132,3062,24411,1805,25.9,1.5,285138,4120,65202,2398,22.9,0.8,348109,705,97348,2993,28.0,0.9,2519322,1364,327751,5242,13.0,0.2,2430714,1098,313093,3833,12.9,0.2,313829,3050,85838,1952,27.4,0.5,766282,4552,115669,1784,15.1,0.2,762307,4390,86426,1952,11.3,0.2,588296,4341,25160,1196,4.3,0.2,1811857,4180,185123,2844,10.2,0.2,1688798,4597,140262,2505,8.3,0.1,905071,3385,65375,1648,7.2,0.2,783727,3431,74887,1831,9.6,0.2,123059,2347,44861,1449,36.5,0.9,66054,1503,22375,1030,33.9,1.2,57005,1478,22486,874,39.4,1.3,2878727,1033,426486,4884,14.8,0.2,1241437,4536,46103,1137,3.7,0.1,645955,4389,140456,2581,21.7,0.4,991335,4505,239927,3284,24.2,0.3,270009,5375,(X),(X),(X),(X),829858,8451,(X),(X),(X),(X),1037035,8841,(X),(X),(X),(X),1321059,9068,(X),(X),(X),(X),1434447,9540,(X),(X),(X),(X),681913,4811,196631,2713,28.8,0.3,338680,3666,89521,1996,26.4,0.5,343233,3026,107110,1933,31.2,0.5,6414,56,(X),(X),(X),(X)
0400000US41,41,Oregon,3823874,1167,638816,9214,16.7,0.2,842753,1212,186433,4333,22.1,0.5,837312,1324,181167,4390,21.6,0.5,2408987,641,405523,5773,16.8,0.2,572134,606,46860,1458,8.2,0.3,1883011,1420,298997,5172,15.9,0.3,1940863,1335,339819,5483,17.5,0.3,3675327,3229,606985,9294,16.5,0.3,3258652,5454,494903,8177,15.2,0.2,67393,1447,24321,1672,36.1,2.2,45485,1602,13208,1054,29.0,2.2,148819,1488,24531,1921,16.5,1.3,14033,693,5064,807,36.1,5.5,140945,5189,44958,3263,31.9,1.8,148547,3070,31831,1850,21.4,1.2,463483,823,131827,4600,28.4,1.0,2974155,1624,418351,7100,14.1,0.2,2645462,968,345818,5335,13.1,0.2,274865,3992,75498,2624,27.5,0.8,645601,5096,100906,2491,15.6,0.4,923304,5494,120549,2812,13.1,0.3,801692,6138,48865,1587,6.1,0.2,1949033,5013,229846,4511,11.8,0.2,1744245,5970,159266,3525,9.1,0.2,910785,3890,75365,1993,8.3,0.2,833460,3997,83901,2331,10.1,0.3,204788,3584,70580,2172,34.5,0.8,116967,2470,38300,1358,32.7,1.1,87821,2267,32280,1448,36.8,1.2,3079187,1360,470653,6272,15.3,0.2,1107705,6804,33611,1729,3.0,0.2,891947,6390,191279,3652,21.4,0.4,1079535,4986,245763,4063,22.8,0.3,283679,5917,(X),(X),(X),(X),833918,11171,(X),(X),(X),(X),1030904,13051,(X),(X),(X),(X),1307543,13397,(X),(X),(X),(X),1414878,14011,(X),(X),(X),(X),874155,6776,257293,4228,29.4,0.4,431379,4723,125067,3020,29.0,0.6,442776,3707,132226,2550,29.9,0.5,6667,60,(X),(X),(X),(X)
0400000US42,42,Pennsylvania,12346333,1649,1667858,18228,13.5,0.1,2697188,1717,516675,8629,19.2,0.3,2684477,2161,504615,8369,18.8,0.3,7687335,1060,991419,10569,12.9,0.1,1961810,968,159764,2437,8.1,0.1,6002705,2170,737734,9719,12.3,0.2,6343628,2123,930124,10335,14.7,0.2,12099168,4990,1602344,17592,13.2,0.1,10158791,6917,1067039,13235,10.5,0.1,1311367,4545,379808,6823,29.0,0.5,21738,1139,6130,925,28.2,3.7,363991,1987,58657,2647,16.1,0.7,3500,868,721,324,20.6,10.3,239781,5824,89989,4359,37.5,1.4,247165,4676,65514,3049,26.5,1.1,754242,1133,246412,5730,32.7,0.8,9744224,2684,950515,11991,9.8,0.1,8590640,1118,888243,8669,10.3,0.1,915890,7132,229906,4132,25.1,0.4,3138874,12150,372651,4568,11.9,0.1,2085859,6658,191321,3268,9.2,0.2,2450017,12067,94365,2256,3.9,0.1,6438908,10463,492670,6330,7.7,0.1,5891385,11177,332338,4580,5.6,0.1,3051971,7868,139068,2840,4.6,0.1,2839414,7269,193270,3540,6.8,0.1,547523,5675,160332,3270,29.3,0.5,306013,3525,80739,2043,26.4,0.6,241510,3589,79593,2231,33.0,0.8,9976747,2052,1204471,11946,12.1,0.1,4095742,10430,80153,1838,2.0,0.1,2441194,8792,381155,5476,15.6,0.2,3439811,11716,743163,8719,21.6,0.2,744718,10650,(X),(X),(X),(X),2177661,20690,(X),(X),(X),(X),2712585,21245,(X),(X),(X),(X),3474214,22511,(X),(X),(X),(X),3801366,22476,(X),(X),(X),(X),2428869,12613,625006,6734,25.7,0.2,1149078,7945,280528,4503,24.4,0.3,1279791,7204,344478,4374,26.9,0.3,6464,38,(X),(X),(X),(X)
0400000US44,44,Rhode Island,1012806,364,143996,4494,14.2,0.4,214441,401,43144,2036,20.1,0.9,213553,434,42292,2060,19.8,1.0,647167,362,86846,2698,13.4,0.4,151198,327,14006,851,9.3,0.6,490212,799,63362,2256,12.9,0.5,522594,774,80634,2703,15.4,0.5,985381,1789,137465,4376,14.0,0.4,825456,2895,92849,3679,11.2,0.4,63211,1877,17904,1733,28.3,2.5,4682,517,1989,463,42.5,8.5,30986,709,4928,949,15.9,3.1,440,214,104,90,23.6,21.2,60606,2747,19691,1775,32.5,2.7,27425,1793,6531,955,23.8,2.8,136330,361,45887,2463,33.7,1.8,761184,1017,71940,2776,9.5,0.4,703540,431,76806,2396,10.9,0.3,99514,2215,24291,1264,24.4,1.1,192199,3272,25342,1260,13.2,0.6,188955,2673,18406,1040,9.7,0.6,222872,3246,8767,698,3.9,0.3,553675,2942,45797,1915,8.3,0.3,501124,2869,30190,1405,6.0,0.3,254696,1905,12858,893,5.0,0.3,246428,1953,17332,1034,7.0,0.4,52551,1907,15607,1119,29.7,1.8,27736,1317,7578,727,27.3,2.2,24815,1129,8029,679,32.4,2.3,824851,643,105310,3052,12.8,0.4,335757,3159,6463,624,1.9,0.2,218254,3250,34158,1573,15.7,0.7,270840,2798,64689,2084,23.9,0.7,63552,2877,(X),(X),(X),(X),186986,5438,(X),(X),(X),(X),228899,5274,(X),(X),(X),(X),287566,5806,(X),(X),(X),(X),310086,6039,(X),(X),(X),(X),220082,2976,57493,1734,26.1,0.7,106998,2185,25830,1007,24.1,0.9,113084,2003,31663,1297,28.0,1.0,6369,134,(X),(X),(X),(X)
0400000US45,45,South Carolina,4586819,1357,840141,13738,18.3,0.3,1064623,1500,286242,6486,26.9,0.6,1060449,1536,282284,6373,26.6,0.6,2844244,751,486039,7346,17.1,0.3,677952,586,67860,1697,10.0,0.3,2210160,1708,366560,7333,16.6,0.3,2376659,1631,473581,7521,19.9,0.3,4500587,3456,818051,13433,18.2,0.3,3097189,4000,409482,9832,13.2,0.3,1253347,3166,372171,6595,29.7,0.5,14712,853,4270,566,29.0,3.5,61371,1258,8042,1031,13.1,1.7,2179,440,540,260,24.8,9.9,71789,3463,23546,2149,32.8,2.5,86232,3098,22090,1369,25.6,1.5,239115,689,74101,3694,31.0,1.5,2948248,1803,364743,8569,12.4,0.3,3105655,904,432470,6922,13.9,0.2,451330,5531,141742,3493,31.4,0.7,929348,6561,151975,3164,16.4,0.3,928373,5915,104753,2993,11.3,0.3,796604,7216,34000,1426,4.3,0.2,2255737,6601,267508,5223,11.9,0.2,2016411,6377,175725,4165,8.7,0.2,1035791,4956,72186,2419,7.0,0.2,980620,4890,103539,2954,10.6,0.3,239326,3830,91783,2217,38.4,0.8,125103,3187,44480,1773,35.6,1.2,114223,2192,47303,1504,41.4,1.1,3641264,1448,579789,8689,15.9,0.2,1431800,6089,50921,1947,3.6,0.1,835824,6146,185238,4038,22.2,0.4,1373640,6447,343630,6129,25.0,0.4,383112,7948,(X),(X),(X),(X),1091522,13693,(X),(X),(X),(X),1345348,12867,(X),(X),(X),(X),1693620,13181,(X),(X),(X),(X),1832838,14151,(X),(X),(X),(X),826082,7138,246617,4687,29.9,0.5,400828,5008,109322,2845,27.3,0.6,425254,4430,137295,3059,32.3,0.6,6535,74,(X),(X),(X),(X)
0400000US46,46,South Dakota,805676,487,114444,3306,14.2,0.4,201321,575,37147,1672,18.5,0.8,200048,613,36078,1626,18.0,0.8,488599,391,64855,1975,13.3,0.4,115756,319,12442,627,10.7,0.5,404009,625,53028,1750,13.1,0.4,401667,688,61416,1943,15.3,0.5,786037,1191,109114,3223,13.9,0.4,690446,916,69413,2588,10.1,0.4,11903,542,3803,793,31.9,6.5,67650,1132,32761,1596,48.4,2.1,9080,437,1817,391,20.0,4.3,212,96,50,62,23.6,23.9,6746,593,1270,368,18.8,5.2,19639,1118,5330,640,27.1,3.2,25115,318,6441,721,25.6,2.9,676446,509,66069,2547,9.8,0.4,532023,545,55497,1581,10.4,0.3,47121,1423,12486,756,26.5,1.5,166549,1907,19824,879,11.9,0.5,174026,2129,16676,895,9.6,0.5,144327,2368,6511,689,4.5,0.5,441554,1839,39545,1696,9.0,0.4,420929,2147,31179,1470,7.4,0.3,221457,1411,13898,814,6.3,0.4,199472,1518,17281,1008,8.7,0.5,20625,1024,8366,664,40.6,2.4,11712,669,4402,422,37.6,2.9,8913,619,3964,401,44.5,3.4,626784,583,80719,2210,12.9,0.3,304042,2343,8871,662,2.9,0.2,164080,2358,32777,1597,20.0,0.8,158662,1814,39071,1401,24.6,0.8,49878,2079,(X),(X),(X),(X),152288,3334,(X),(X),(X),(X),189238,3629,(X),(X),(X),(X),244790,3977,(X),(X),(X),(X),268522,3945,(X),(X),(X),(X),166426,2548,44216,1317,26.6,0.6,85706,1772,20761,957,24.2,1.0,80720,1452,23455,1024,29.1,1.0,5946,123,(X),(X),(X),(X)
0400000US47,47,Tennessee,6290532,1433,1121344,10647,17.8,0.2,1467811,1561,378059,6076,25.8,0.4,1461068,1801,371761,5905,25.4,0.4,3932442,1169,654208,6293,16.6,0.2,890279,868,89077,2043,10.0,0.2,3050081,2020,499556,6014,16.4,0.2,3240451,1834,621788,6467,19.2,0.2,6171274,3677,1088230,10319,17.6,0.2,4921273,4652,734002,8495,14.9,0.2,1037416,2906,302206,5100,29.1,0.5,17164,1296,3957,785,23.1,4.0,96034,1566,12271,1343,12.8,1.3,3207,553,920,409,28.7,10.9,96180,4098,34874,2591,36.3,2.2,119258,3305,33114,1981,27.8,1.4,303904,612,103210,3185,34.0,1.0,4734473,2198,671250,8878,14.2,0.2,4262879,1507,588291,5766,13.8,0.1,624740,5496,188587,3608,30.2,0.5,1406091,7964,223867,3760,15.9,0.2,1179346,6623,131401,2691,11.1,0.2,1052702,8925,44436,1555,4.2,0.1,3112556,6699,340329,4517,10.9,0.1,2819397,7330,229487,3572,8.1,0.1,1469289,5113,104376,2394,7.1,0.2,1350108,5112,125111,3011,9.3,0.2,293159,4111,110842,2795,37.8,0.7,154190,3018,54045,1902,35.1,1.0,138969,2517,56797,1817,40.9,1.1,4987067,2007,777277,6861,15.6,0.1,2007229,7367,66555,2010,3.3,0.1,1161640,7130,248080,3983,21.4,0.3,1818198,7267,462642,5689,25.4,0.3,489242,8101,(X),(X),(X),(X),1467815,12727,(X),(X),(X),(X),1812888,14766,(X),(X),(X),(X),2288609,16902,(X),(X),(X),(X),2475615,17120,(X),(X),(X),(X),1141869,9189,339687,5286,29.7,0.3,546363,6234,150573,3030,27.6,0.5,595506,4903,189114,3676,31.8,0.5,6406,66,(X),(X),(X),(X)
0400000US48,48,Texas,25478976,3344,4500034,33436,17.7,0.1,6905127,3233,1748003,18269,25.3,0.3,6880844,3384,1726476,18048,25.1,0.3,15808387,1849,2443640,17290,15.5,0.1,2765462,1444,308391,3964,11.2,0.1,12540741,4047,2020561,16174,16.1,0.1,12938235,3813,2479473,19811,19.2,0.2,24875288,9978,4387125,32948,17.6,0.1,19088627,19333,3081910,29791,16.1,0.1,2956317,6071,712991,10161,24.1,0.3,123181,3638,27639,1990,22.4,1.5,1054102,4288,124875,5203,11.8,0.5,21164,1106,3743,752,17.7,3.5,1631897,17869,435967,9319,26.7,0.5,603688,9846,112909,3966,18.7,0.6,9771713,3048,2549728,25001,26.1,0.3,11302368,4412,1054317,11890,9.3,0.1,16091951,2825,2115830,15902,13.1,0.1,2911017,16090,854954,9845,29.4,0.3,4026629,15742,603369,6829,15.0,0.2,4725260,14042,470442,5551,10.0,0.1,4429045,24101,187065,3774,4.2,0.1,12748420,18055,1360675,10542,10.7,0.1,11775124,18136,1042823,9321,8.9,0.1,6410235,10282,512450,6613,8.0,0.1,5364889,11843,530373,5629,9.9,0.1,973296,8947,317852,4801,32.7,0.4,517814,6054,153343,3014,29.6,0.5,455482,4977,164509,3261,36.1,0.6,19322699,3184,2911650,19806,15.1,0.1,8629916,18129,377885,5239,4.4,0.1,4421758,19379,954557,8516,21.6,0.2,6271025,19399,1579208,14385,25.2,0.2,1868472,20100,(X),(X),(X),(X),5909890,35059,(X),(X),(X),(X),7295606,37164,(X),(X),(X),(X),9139621,43212,(X),(X),(X),(X),9871835,43979,(X),(X),(X),(X),3989902,18728,1071084,8713,26.8,0.2,2031415,13654,475644,5704,23.4,0.2,1958487,10941,595440,6363,30.4,0.3,6705,34,(X),(X),(X),(X)
0400000US49,49,Utah,2811097,860,358682,7684,12.8,0.3,876830,950,130817,4234,14.9,0.5,873895,1041,128152,4237,14.7,0.5,1666748,647,210856,4109,12.7,0.2,267519,491,17009,833,6.4,0.3,1408423,913,167747,4205,11.9,0.3,1402674,1058,190935,4351,13.6,0.3,2742146,2406,345820,7761,12.6,0.3,2477054,3984,275649,6947,11.1,0.3,29615,1371,7525,982,25.4,3.2,30916,1194,10007,948,32.4,2.8,59491,1144,11336,1268,19.1,2.0,25948,888,6267,1199,24.2,4.3,119122,3869,35036,2551,29.4,2.0,68951,2312,12862,1242,18.7,1.6,371621,744,98259,4042,26.4,1.1,2246116,1254,217723,5442,9.7,0.2,1625715,675,153187,3107,9.4,0.2,144240,3072,34733,1532,24.1,0.9,376302,3818,42628,1828,11.3,0.5,603320,4355,52817,1543,8.8,0.2,501853,4834,23009,1085,4.6,0.2,1387458,4139,131411,3067,9.5,0.2,1293278,3999,102785,2372,7.9,0.2,721927,2763,50891,1651,7.0,0.2,571351,3011,51894,1659,9.1,0.3,94180,2597,28626,1569,30.4,1.3,53383,1968,15200,1224,28.5,1.8,40797,1510,13426,902,32.9,1.9,2020257,1108,239906,4537,11.9,0.2,847120,3967,26202,1313,3.1,0.2,593742,4181,106886,2286,18.0,0.4,579395,3813,106818,2909,18.4,0.5,152685,4638,(X),(X),(X),(X),480205,8351,(X),(X),(X),(X),617725,8521,(X),(X),(X),(X),826475,9964,(X),(X),(X),(X),918444,10451,(X),(X),(X),(X),366855,5028,108158,2697,29.5,0.6,186447,3415,49617,1997,26.6,0.8,180408,2881,58541,1846,32.4,0.8,6812,83,(X),(X),(X),(X)
0400000US50,50,Vermont,601671,341,72044,2348,12.0,0.4,122339,397,19049,1252,15.6,1.0,121282,451,18043,1235,14.9,1.0,384216,242,46031,1454,12.0,0.4,95116,226,6964,428,7.3,0.5,295647,510,32599,1375,11.0,0.5,306024,410,39445,1446,12.9,0.5,590264,575,69843,2318,11.8,0.4,573243,517,66511,2291,11.6,0.4,5534,357,1432,349,25.9,6.6,1929,289,506,161,26.2,6.6,7635,363,1096,306,14.4,4.1,162,88,16,20,9.9,12.3,1761,321,282,109,16.0,6.6,11407,472,2201,315,19.3,2.7,9339,148,1434,277,15.4,2.9,566291,420,65454,2299,11.6,0.4,429784,314,40016,1105,9.3,0.3,35082,967,8460,676,24.1,1.8,130827,1778,14735,708,11.3,0.5,111707,1420,10297,507,9.2,0.4,152168,2069,6524,482,4.3,0.3,340330,1452,24896,1092,7.3,0.3,319543,1586,18511,905,5.8,0.3,163294,1305,8028,629,4.9,0.4,156249,1189,10483,674,6.7,0.4,20787,768,6385,467,30.7,2.1,11443,590,3198,298,27.9,2.3,9344,581,3187,367,34.1,3.4,495191,469,55127,1498,11.1,0.3,211692,1916,4239,413,2.0,0.2,145435,1882,22108,924,15.2,0.6,138064,1481,28780,1083,20.8,0.7,31335,1658,(X),(X),(X),(X),96957,2494,(X),(X),(X),(X),122166,2625,(X),(X),(X),(X),161764,3098,(X),(X),(X),(X),178350,3348,(X),(X),(X),(X),141409,2334,34468,1075,24.4,0.7,68009,1526,16384,949,24.1,1.2,73400,1238,18084,655,24.6,0.9,6045,137,(X),(X),(X),(X)
0400000US51,51,Virginia,7939332,1536,914237,12754,11.5,0.2,1836803,1620,279359,6195,15.2,0.3,1829821,1861,272913,6054,14.9,0.3,5067608,1130,555771,7430,11.0,0.1,1034921,903,79107,1778,7.6,0.2,3867034,2421,397066,6269,10.3,0.2,4072298,2542,517171,7927,12.7,0.2,7691439,5572,880170,12338,11.4,0.2,5520140,7106,505667,7930,9.2,0.1,1501394,4426,301972,6823,20.1,0.4,22245,1562,3094,581,13.9,2.3,467627,3343,38712,2365,8.3,0.5,4966,633,544,216,11.0,4.2,175067,5963,30181,2622,17.2,1.4,247893,5585,34067,2278,13.7,0.9,670202,1159,105665,4602,15.8,0.7,5089616,2149,439744,6635,8.6,0.1,5404333,2028,478440,6785,8.9,0.1,636381,6119,143760,3085,22.6,0.4,1339909,9273,155977,3439,11.6,0.2,1468928,7371,116735,2814,7.9,0.2,1959115,11607,61968,1979,3.2,0.1,4201547,8667,293043,4982,7.0,0.1,3913469,8838,210121,4126,5.4,0.1,2022515,5040,87618,2740,4.3,0.1,1890954,6299,122503,2771,6.5,0.1,288078,4349,82922,2506,28.8,0.7,154806,3009,40020,1545,25.9,0.9,133272,2600,42902,1636,32.2,0.9,6308499,1951,662321,8349,10.5,0.1,2904934,8160,56283,1916,1.9,0.1,1464894,8309,230468,4305,15.7,0.3,1938671,8383,375570,5811,19.4,0.3,417732,7884,(X),(X),(X),(X),1210767,15304,(X),(X),(X),(X),1516830,16987,(X),(X),(X),(X),1959863,19310,(X),(X),(X),(X),2142158,20374,(X),(X),(X),(X),1460791,10164,337888,5596,23.1,0.3,709935,6814,149519,3081,21.1,0.4,750856,5846,188369,4026,25.1,0.4,6780,65,(X),(X),(X),(X)
0400000US53,53,Washington,6765200,1658,916364,13006,13.5,0.2,1561367,1707,283076,6384,18.1,0.4,1551206,1905,273544,6388,17.6,0.4,4314936,607,562266,7379,13.0,0.2,888897,589,71022,1598,8.0,0.2,3364322,1654,420773,6948,12.5,0.2,3400878,1820,495591,7251,14.6,0.2,6436255,5489,857543,12304,13.3,0.2,5296683,6104,621886,9573,11.7,0.2,240037,3149,61271,3330,25.5,1.3,91807,2064,25702,1520,28.0,1.4,510202,3094,63387,3082,12.4,0.6,41656,990,7736,924,18.6,2.2,255870,6577,77561,3974,30.3,1.3,328945,5513,58821,2423,17.9,0.7,793799,1090,211780,5648,26.7,0.7,4834411,2025,506171,7626,10.5,0.2,4590998,940,479202,6223,10.4,0.1,445425,5545,116189,3122,26.1,0.6,1065443,7374,138128,2281,13.0,0.2,1585070,6456,159924,3388,10.1,0.2,1495060,9686,64961,2136,4.3,0.1,3488939,6894,297657,4625,8.5,0.1,3182761,7479,208586,4040,6.6,0.1,1696827,5009,96423,2689,5.7,0.2,1485934,5314,112163,2638,7.5,0.2,306178,4598,89071,2652,29.1,0.6,172060,3085,47677,1720,27.7,0.8,134118,2884,41394,1783,30.9,1.1,5381854,1517,662650,8038,12.3,0.1,2170031,6006,45777,1759,2.1,0.1,1440074,7188,246657,4186,17.1,0.3,1771749,7448,370216,5693,20.9,0.3,411077,7942,(X),(X),(X),(X),1189134,14850,(X),(X),(X),(X),1486999,15832,(X),(X),(X),(X),1885483,17056,(X),(X),(X),(X),2052229,17706,(X),(X),(X),(X),1428858,9853,359987,4520,25.2,0.3,718744,6986,167605,2951,23.3,0.4,710114,4846,192382,3009,27.1,0.4,6730,53,(X),(X),(X),(X)
0400000US54,54,West Virginia,1799412,883,326225,6334,18.1,0.4,373287,998,94786,3236,25.4,0.9,371005,1079,92551,3229,24.9,0.9,1123289,746,202967,3884,18.1,0.3,302836,615,28472,1093,9.4,0.4,883344,1202,146594,3828,16.6,0.4,916068,1200,179631,3405,19.6,0.4,1764042,1884,314910,6321,17.9,0.4,1691837,1480,293119,6075,17.3,0.4,51640,1324,16749,1176,32.4,1.9,2901,498,997,398,34.4,10.1,12586,624,2691,428,21.4,3.1,586,226,150,112,25.6,14.2,4492,735,1204,340,26.8,7.1,35370,1570,11315,1036,32.0,2.5,21474,445,5192,589,24.2,2.8,1676500,1241,289925,5972,17.3,0.4,1273143,734,183070,3435,14.4,0.3,194187,3501,57615,1992,29.7,0.8,521006,4675,76348,2101,14.7,0.4,315770,3105,37901,1566,12.0,0.5,242180,3784,11206,772,4.6,0.3,813845,3859,83937,2555,10.3,0.3,747796,3913,60306,1922,8.1,0.3,395513,2560,26630,1285,6.7,0.3,352283,2588,33676,1518,9.6,0.4,66049,1850,23631,1244,35.8,1.5,39887,1443,13086,819,32.8,1.8,26162,1047,10545,779,40.3,2.4,1468716,820,240427,4343,16.4,0.3,534057,4017,17195,972,3.2,0.2,302063,3371,65370,2101,21.6,0.6,632596,3939,157862,3410,25.0,0.5,141422,5019,(X),(X),(X),(X),423911,7413,(X),(X),(X),(X),523009,8270,(X),(X),(X),(X),657029,8189,(X),(X),(X),(X),715784,8556,(X),(X),(X),(X),353595,3777,118725,2815,33.6,0.6,168529,2640,53688,2048,31.9,1.0,185066,2308,65037,1582,35.1,0.8,6296,90,(X),(X),(X),(X)
0400000US55,55,Wisconsin,5571083,1287,738557,10521,13.3,0.2,1291469,1277,239549,5127,18.5,0.4,1285127,1380,233487,5145,18.2,0.4,3485006,881,437837,5936,12.6,0.2,794608,737,61171,1441,7.7,0.2,2756360,1677,332564,5693,12.1,0.2,2814723,1703,405993,5836,14.4,0.2,5456161,3005,707999,10075,13.0,0.2,4846671,4222,510878,8320,10.5,0.2,336573,2080,129794,3705,38.6,1.0,47054,1089,13758,826,29.2,1.7,134075,1275,26217,1730,19.6,1.3,1255,271,192,106,15.3,7.9,90533,3636,27160,2379,30.0,2.2,114922,2901,30558,1530,26.6,1.2,345246,591,96952,3953,28.1,1.1,4620929,1690,451291,6874,9.8,0.1,3787451,939,360757,5052,9.5,0.1,337331,3464,82598,2117,24.5,0.5,1221195,6245,134859,2631,11.0,0.2,1177716,5160,105195,2257,8.9,0.2,1051209,6721,38105,1434,3.6,0.1,3045507,5644,267033,4448,8.8,0.1,2826655,6170,197935,3654,7.0,0.1,1459439,3512,83686,2161,5.7,0.1,1367216,4199,114249,2401,8.4,0.2,218852,2733,69098,1982,31.6,0.7,126638,1759,36397,1289,28.7,0.8,92214,1827,32701,1295,35.5,1.0,4431635,1329,521518,6732,11.8,0.2,1901769,5756,45622,1408,2.4,0.1,1233814,5186,217897,3663,17.7,0.3,1296052,5890,257999,4022,19.9,0.3,313643,5685,(X),(X),(X),(X),968565,10609,(X),(X),(X),(X),1212761,12437,(X),(X),(X),(X),1566047,13373,(X),(X),(X),(X),1717264,13211,(X),(X),(X),(X),1156654,5957,288569,3471,24.9,0.3,568291,4142,131083,2636,23.1,0.4,588363,3997,157486,2388,26.8,0.4,6204,46,(X),(X),(X),(X)
0400000US56,56,Wyoming,561187,426,65271,2633,11.6,0.5,134312,507,20552,1555,15.3,1.2,133688,568,19948,1552,14.9,1.2,353989,466,40145,1514,11.3,0.4,72886,320,4574,425,6.3,0.6,285084,682,28838,1464,10.1,0.5,276103,631,36433,1632,13.2,0.6,546511,1000,62374,2535,11.4,0.5,510978,1507,53755,2329,10.5,0.4,5406,474,1074,318,19.9,5.7,12586,776,3711,528,29.5,3.6,5247,492,1182,383,22.5,6.4,297,188,18,16,6.1,7.9,11997,1191,2634,671,22.0,4.9,14676,1021,2897,640,19.7,4.1,52633,217,11393,1368,21.6,2.6,477117,440,46814,2175,9.8,0.5,375373,604,31167,1302,8.3,0.3,28260,1174,5616,538,19.9,1.7,109727,2030,11152,776,10.2,0.7,142045,2034,10452,744,7.4,0.5,95341,2110,3947,451,4.1,0.5,305859,1791,23787,1202,7.8,0.4,290053,1908,19589,1038,6.8,0.4,157840,1253,8368,697,5.3,0.4,132213,1481,11221,799,8.5,0.6,15806,1062,4198,491,26.6,2.8,9295,726,2080,363,22.4,3.9,6511,557,2118,301,32.5,3.8,441282,609,46360,1595,10.5,0.4,206205,2221,5603,528,2.7,0.3,121450,1954,21358,1234,17.6,1.0,113627,1748,19399,961,17.1,0.7,29089,1953,(X),(X),(X),(X),87281,3079,(X),(X),(X),(X),109514,3087,(X),(X),(X),(X),144747,3207,(X),(X),(X),(X),160818,3377,(X),(X),(X),(X),114457,2487,25969,1180,22.7,0.9,61162,1666,11534,770,18.9,1.3,53295,1378,14435,886,27.1,1.3,6210,207,(X),(X),(X),(X)
0400000US72,72,Puerto Rico,3604637,779,1630965,11171,45.2,0.3,829365,799,473611,4413,57.1,0.5,826795,951,471112,4380,57.0,0.5,2199634,449,928792,7324,42.2,0.3,575638,423,228562,2752,39.7,0.5,1719336,895,748723,5735,43.5,0.3,1885301,656,882242,6784,46.8,0.4,3213589,6686,1444906,10350,45.0,0.3,2512446,9992,1107672,10062,44.1,0.4,287642,5262,129792,3607,45.1,1.0,11043,1162,5615,882,50.8,5.3,11077,1119,5666,736,51.2,4.1,122,74,40,35,32.8,27.8,391259,7126,196121,5329,50.1,0.9,391048,6582,186059,5720,47.6,1.0,3568368,1894,1617379,11181,45.3,0.3,25066,1353,8841,699,35.3,2.3,2410187,312,966077,7500,40.1,0.3,671232,5179,415073,4750,61.8,0.5,644831,4814,297080,3837,46.1,0.5,521615,4976,175784,3092,33.7,0.5,572509,4370,78140,2091,13.6,0.4,1322858,5327,393434,4974,29.7,0.4,1080227,4565,230846,3475,21.4,0.3,571208,3909,126291,2329,22.1,0.4,509019,3334,104555,2270,20.5,0.4,242631,3416,162588,3423,67.0,0.8,129020,2428,81656,2148,63.3,1.1,113611,2269,80932,2060,71.2,1.0,2883068,1344,1214865,8988,42.1,0.3,745003,4703,82010,1919,11.0,0.3,442254,3721,196307,3374,44.4,0.7,1695811,4886,936548,7726,55.2,0.4,909758,9593,(X),(X),(X),(X),1941735,10620,(X),(X),(X),(X),2222027,10708,(X),(X),(X),(X),2534764,9323,(X),(X),(X),(X),2647762,8781,(X),(X),(X),(X),509772,4309,287757,3567,56.4,0.5,238420,2827,125121,2526,52.5,0.8,271352,3054,162636,2509,59.9,0.6,7195,46,(X),(X),(X),(X)